"study","location","outbreak_year","source_koh2025","source_koh_excluded_no_timeseries","source_appiah2020","source_membership","include_for_main_ppv_model","ppv_model_role","verification_adjustment_grade","observed_positivity","blood_volume_ml","blood_volume_source","ppv_likelihood_admissibility","se_bc_reference_median_5ml","se_bc_reference_90cri","pp_max_pi_upper_tail_5ml","pp_max_pi_upper_tail_10ml","pp_max_pi_upper_tail_study_volume","modeling_justification","summary_row_id","superseded_summary_suspected","superseded_summary_blood_tested","superseded_summary_blood_positive","superseded_summary_positivity","attack_rate_pct","legacy_attack_rate_pass","current_stage1","audited_suspected_testing_frame","audited_blood_tested","audited_blood_positive","audited_positivity","tested_fraction","denominator_unit","specimen_scope","case_definition_summary","testing_selection_mechanism","temporal_alignment","denominator_compatibility","verification_bias_risk","source_status","simple_model_status","verification_model_status","recommended_use","independence_group","audit_notes","superseded_summary_count_discrepancy","modeling_count_fields"
"Aye 2004","Madaya, Myanmar","2000",TRUE,FALSE,FALSE,"Koh 2025 review",TRUE,"main model: major verification adjustment","major",0.136363636363636,,"not reported/retrieved","no posterior-predictive conflict at maximum pi",0.6536066,"0.564-0.732",0.999993353678277,0.999998222407505,,"Denominator: Compatible tested denominator but not representative of all suspected cases | Verification bias: high | Simple-model assessment: not eligible without selection adjustment | Verification-model assessment: candidate with explicit high-risk selection mechanism | Recommended use: verification-adjusted candidate | Notes: The 22 cultured patients were not a random subset of the 49 suspected cases.","1","49","22","3","0.136","2.9","TRUE","TRUE","49","22","3","0.136","0.449","patients","blood culture","Fever >=7 days plus at least one abdominal or gastrointestinal symptom","Culture was performed in a subset already selected using Diazo or Widal results","Outbreak subset; exact culture dates not reported in audit source","Compatible tested denominator but not representative of all suspected cases","high","primary paper previously extracted; counts retained","not eligible without selection adjustment","candidate with explicit high-risk selection mechanism","verification-adjusted candidate","Aye 2004","The 22 cultured patients were not a random subset of the 49 suspected cases.",FALSE,"audited_blood_tested; audited_blood_positive"
"Michel 2005","Abidjan, Cote d'Ivoire","2001",TRUE,FALSE,FALSE,"Koh 2025 review",FALSE,"sensitivity analysis only","not applicable",0.833333333333333,,"not reported/retrieved","no posterior-predictive conflict at maximum pi",0.6536066,"0.564-0.732",0.32990647045293,0.455293458701451,,"Denominator: Blood denominator is valid but very small; summary suspected count should be 24 rather than 10 | Verification bias: high | Simple-model assessment: not eligible: selected subset and n<20 | Verification-model assessment: sensitivity only if a small-study analysis is desired | Recommended use: sensitivity only | Notes: Five of six cultured patients were positive; nine additional cases were confirmed by seroconversion.","2","10","6","5","0.833","","FALSE","FALSE","24","6","5","0.833","0.25","patients","blood culture; additional serologic confirmation","Fever >=38.5 C plus at least one chill, headache, gastrointestinal, or neurologic symptom","Six of 24 clinical cases were cultured; reason for culture selection not reported","Outbreak window appears aligned","Blood denominator is valid but very small; summary suspected count should be 24 rather than 10","high","existing primary-paper extraction; denominator correction from summary notes","not eligible: selected subset and n<20","sensitivity only if a small-study analysis is desired","sensitivity only","Michel 2005","Five of six cultured patients were positive; nine additional cases were confirmed by seroconversion.",FALSE,"audited_blood_tested; audited_blood_positive"
"Lewis 2005","Bharatpur, Nepal","2002",TRUE,FALSE,FALSE,"Koh 2025 review",FALSE,"sensitivity analysis only","not applicable",0.375,,"not reported/retrieved","no posterior-predictive conflict at maximum pi",0.6536066,"0.564-0.732",0.999349177191212,0.999790726829307,,"Denominator: Numeric denominator is usable but the clinical entry rule and tested-subset representativeness are weak | Verification bias: high | Simple-model assessment: not eligible for community simple model | Verification-model assessment: candidate only for hospital-ascertainment or verification sensitivity | Recommended use: sensitivity only | Notes: This is a hospital physician-suspicion series rather than a comparable community syndromic definition.","3","5963","104","39","0.375","6.49","TRUE","FALSE","5963","104","39","0.375","0.017","patients","blood culture","Fever recorded by the admitting physician as known or clinically suspected typhoid; no reproducible symptom rule","Culture obtained from a small hospital-selected subset; selection mechanism not quantified","Hospital-register outbreak period; subset timing unclear","Numeric denominator is usable but the clinical entry rule and tested-subset representativeness are weak","high","existing project extraction; primary-paper recheck recommended","not eligible for community simple model","candidate only for hospital-ascertainment or verification sensitivity","sensitivity only","Lewis 2005","This is a hospital physician-suspicion series rather than a comparable community syndromic definition.",FALSE,"audited_blood_tested; audited_blood_positive"
"Muyembe-Tamfum 2009","Kinshasa, DRC","2004",TRUE,FALSE,FALSE,"Koh 2025 review",FALSE,"exclude from PPV modeling","not applicable",0.6875,,"not reported/retrieved","no posterior-predictive conflict at maximum pi",0.6536066,"0.564-0.732",0.49980550929419,0.689337042006721,,"Denominator: Valid within the peritonitis cohort; incompatible with PPV among general suspected fever cases | Verification bias: critical | Simple-model assessment: not eligible: different estimand | Verification-model assessment: not applicable to general suspected-case verification model | Recommended use: exclude | Notes: Estimates PPV in a severe peritonitis population, not in the surveillance case definition used for general outbreak incidence.","4","144","16","11","0.688","","FALSE","FALSE","144","16","11","0.688","0.111","patients","blood culture","Hospital admission with peritonitis; confirmed by culture","Culture among a severe surgical or peritonitis case series","Outbreak period aligned but observation process is severity restricted","Valid within the peritonitis cohort; incompatible with PPV among general suspected fever cases","critical","summary and case-definition extraction; primary-paper recheck recommended","not eligible: different estimand","not applicable to general suspected-case verification model","exclude","Muyembe-Tamfum 2009","Estimates PPV in a severe peritonitis population, not in the surveillance case definition used for general outbreak incidence.",FALSE,"audited_blood_tested; audited_blood_positive"
"Holt 2011","Mekong River Delta, Vietnam","2004-2005",TRUE,FALSE,FALSE,"Koh 2025 review",FALSE,"exclude from PPV modeling","not applicable",,,"not reported/retrieved","not assessable: no valid blood-culture pair",0.6536066,"0.564-0.732",,,,"Denominator: Summary tested denominator appears to be a laboratory or isolate subset, not a PPV denominator | Verification bias: critical | Simple-model assessment: not eligible: enrolment admitted culture-confirmed patients | Verification-model assessment: treatment-trial confirmation rate; not a suspected-case PPV | Recommended use: exclude: trial-enriched estimand, not community PPV | Notes: Source trial Dolecek 2008 (PLoS ONE 3:e2188) full text audited 2026-07-17: 358 randomised on clinical suspicion, 288 blood-or-marrow confirmed (287 per-protocol, incl. 5 S. Paratyphi A); eligibility explicitly admitted already-culture-confirmed patients, so the ~80 percent confirmation fraction is trial-enriched, not community PPV. Blood volume 5-8 mL adults / 3-5 mL children. The prior 287/358 summary figure is inadmissible.","5","","358","287","0.802","","FALSE","FALSE","460","","288","","","unclear; treatment-trial participants and isolates","blood or bone-marrow culture in source trial","Clinically suspected or culture-confirmed uncomplicated typhoid eligible for a treatment trial","Treatment-trial enrolment strongly enriched for typhoid; the 358 denominator is not established as all cultured suspected cases","Trial period related to outbreak data; exact correspondence requires reconstruction","Summary tested denominator appears to be a laboratory or isolate subset, not a PPV denominator","critical","secondary report plus summary notes citing Dolecek trial; primary trial reconstruction needed","not eligible: enrolment admitted culture-confirmed patients","treatment-trial confirmation rate; not a suspected-case PPV","exclude: trial-enriched estimand, not community PPV","Holt-Dolecek trial","Source trial Dolecek 2008 (PLoS ONE 3:e2188) full text audited 2026-07-17: 358 randomised on clinical suspicion, 288 blood-or-marrow confirmed (287 per-protocol, incl. 5 S. Paratyphi A); eligibility explicitly admitted already-culture-confirmed patients, so the ~80 percent confirmation fraction is trial-enriched, not community PPV. Blood volume 5-8 mL adults / 3-5 mL children. The prior 287/358 summary figure is inadmissible.",TRUE,"audited_blood_tested; audited_blood_positive"
"Neil 2012","Kasese, Uganda","2007-2009",TRUE,FALSE,FALSE,"Koh 2025 review",TRUE,"main model: major verification adjustment","major",0.351851851851852,,"not reported/retrieved","no posterior-predictive conflict at maximum pi",0.6536066,"0.564-0.732",0.999358391111876,0.99981209448313,,"Denominator: Corrected blood-specific denominator is valid for the cultured subset but not representative of all 577 suspected cases | Verification bias: high | Simple-model assessment: not eligible without selection adjustment | Verification-model assessment: candidate with major verification and time-varying ascertainment cautions | Recommended use: verification-adjusted candidate | Notes: Use 19/54 blood cultures. The obsolete 25/63 combined 19/54 blood with 6/9 unlabeled cultures.","6","577","63","25","0.397","8.09","TRUE","TRUE","577","54","19","0.352","0.094","blood cultures; patient uniqueness not fully explicit","blood culture only for audited pair; stool and unlabeled cultures excluded","Fever plus abdominal pain and at least one gastrointestinal or systemic symptom, antimalarial nonresponse, or intestinal perforation","Culture was collected from a small clinically and temporally selected subset; early ascertainment was perforation skewed","Cultures concentrated in March-April 2009 within a longer December 2007-July 2009 outbreak","Corrected blood-specific denominator is valid for the cultured subset but not representative of all 577 suspected cases","high","primary paper verified","not eligible without selection adjustment","candidate with major verification and time-varying ascertainment cautions","verification-adjusted candidate","Neil 2012","Use 19/54 blood cultures. The obsolete 25/63 combined 19/54 blood with 6/9 unlabeled cultures.",TRUE,"audited_blood_tested; audited_blood_positive"
"Scobie 2014","Fiji","2008-2011",TRUE,FALSE,FALSE,"Koh 2025 review",FALSE,"exclude from PPV modeling","not applicable",,,"not reported/retrieved","not assessable: no valid blood-culture pair",0.6536066,"0.564-0.732",,,,"Denominator: The 1449 value is not a blood-culture-tested denominator | Verification bias: not evaluable | Simple-model assessment: not eligible: 1449 counts blood-positive cases, not people tested | Verification-model assessment: laboratory-confirmed case series; not a PPV | Recommended use: exclude: confirmed-only surveillance, no suspected-case tested denominator | Notes: Full text audited 2026-07-17: 1582 confirmed (1560 with specimen data): 1449 blood, 108 stool, 3 other. 1449 is a positive count, not a tested denominator. Suspected-case data sit only in unavailable Supplemental Tables 2-3; the Table 3 blood-culture positivity uses a lab-throughput denominator, not a suspected frame.","7","1765","1449","1449","1","","FALSE","FALSE","1765","","1449","","","confirmed patients or isolates, not tested denominator","blood, stool, or urine culture combined in case definition","Age >=2 years, fever >=3 days, and at least one gastrointestinal symptom","Laboratory-confirmed surveillance series; summary field records confirmed specimen source rather than number tested","Multi-year surveillance; exact testing frame unavailable","The 1449 value is not a blood-culture-tested denominator","not evaluable","summary notes; primary source reconstruction needed","not eligible: 1449 counts blood-positive cases, not people tested","laboratory-confirmed case series; not a PPV","exclude: confirmed-only surveillance, no suspected-case tested denominator","Scobie 2014","Full text audited 2026-07-17: 1582 confirmed (1560 with specimen data): 1449 blood, 108 stool, 3 other. 1449 is a positive count, not a tested denominator. Suspected-case data sit only in unavailable Supplemental Tables 2-3; the Table 3 blood-culture positivity uses a lab-throughput denominator, not a suspected frame.",FALSE,"audited_blood_tested; audited_blood_positive"
"Lutterloh 2012","Malawi-Mozambique border","2009",TRUE,FALSE,FALSE,"Koh 2025 review",FALSE,"sensitivity analysis only","not applicable",0.407407407407407,,"not reported/retrieved","no posterior-predictive conflict at maximum pi",0.6536066,"0.564-0.732",0.998625336252184,0.999574518779067,,"Denominator: Blood result is valid at the person level, but representativeness and stable case ascertainment are uncertain | Verification bias: high | Simple-model assessment: not eligible without selection and time-varying ascertainment adjustment | Verification-model assessment: candidate with major caution | Recommended use: sensitivity only | Notes: Primary report states 112 blood cultures from 108 persons, with 44 persons positive; 303 total cases comprised 214 suspected, 43 probable, and 46 confirmed.","8","303","108","44","0.407","","FALSE","FALSE","303","108","44","0.407","0.356","unique persons; 112 cultures from 108 persons","blood culture; stool and TUBEX also used for case classification","Fever plus at least one gastrointestinal, musculoskeletal, neurologic, or systemic feature with no alternative explanation","Laboratory capacity was established during the investigation; cultured patients were not a prespecified random sample","Culture collection occurred after laboratory-enhanced investigation began; case definitions changed after etiologic confirmation","Blood result is valid at the person level, but representativeness and stable case ascertainment are uncertain","high","primary paper verified in current audit","not eligible without selection and time-varying ascertainment adjustment","candidate with major caution","sensitivity only","Lutterloh 2012","Primary report states 112 blood cultures from 108 persons, with 44 persons positive; 303 total cases comprised 214 suspected, 43 probable, and 46 confirmed.",FALSE,"audited_blood_tested; audited_blood_positive"
"Limpitikul 2014 (1)","Songkhla, Thailand","2009",TRUE,FALSE,FALSE,"Koh 2025 review",FALSE,"exclude from PPV modeling","not applicable",,,"not reported/retrieved","not assessable: no valid blood-culture pair",0.6536066,"0.564-0.732",,,,"Denominator: The summary tested field is the number confirmed, not a tested denominator | Verification bias: critical | Simple-model assessment: not eligible: confirmed-only series | Verification-model assessment: not applicable | Recommended use: exclude | Notes: Period 1 component; not independent of the total row.","9","","137","137","1","","FALSE","FALSE","","","137","","","confirmed patients","blood culture-confirmed case series","Resident of outbreak area with febrile illness and no other identified cause","Only confirmed pediatric cases were assembled","Period-specific confirmed series","The summary tested field is the number confirmed, not a tested denominator","critical","existing primary-paper extraction","not eligible: confirmed-only series","not applicable","exclude","Limpitikul 2014","Period 1 component; not independent of the total row.",FALSE,"audited_blood_tested; audited_blood_positive"
"Limpitikul 2014 (2)","Songkhla, Thailand","2010-2011",TRUE,FALSE,FALSE,"Koh 2025 review",FALSE,"exclude from PPV modeling","not applicable",,,"not reported/retrieved","not assessable: no valid blood-culture pair",0.6536066,"0.564-0.732",,,,"Denominator: The summary tested field is the number confirmed, not a tested denominator | Verification bias: critical | Simple-model assessment: not eligible: confirmed-only series | Verification-model assessment: not applicable | Recommended use: exclude | Notes: Period 2 component; not independent of the total row.","10","","231","231","1","","FALSE","FALSE","","","231","","","confirmed patients","blood culture-confirmed case series","Resident of outbreak area with febrile illness and no other identified cause","Only confirmed pediatric cases were assembled","Period-specific confirmed series","The summary tested field is the number confirmed, not a tested denominator","critical","existing primary-paper extraction","not eligible: confirmed-only series","not applicable","exclude","Limpitikul 2014","Period 2 component; not independent of the total row.",FALSE,"audited_blood_tested; audited_blood_positive"
"Limpitikul 2014 (total)","Songkhla, Thailand","2009-2011",TRUE,FALSE,FALSE,"Koh 2025 review",FALSE,"exclude from PPV modeling","not applicable",,,"not reported/retrieved","not assessable: no valid blood-culture pair",0.6536066,"0.564-0.732",,,,"Denominator: The summary tested field is the number confirmed, not a tested denominator | Verification bias: critical | Simple-model assessment: not eligible: confirmed-only series | Verification-model assessment: not applicable | Recommended use: exclude | Notes: Aggregate duplicate of rows 9 and 10; never include alongside its component rows.","11","","368","368","1","","FALSE","FALSE","","","368","","","confirmed patients","blood culture-confirmed case series","Resident of outbreak area with febrile illness and no other identified cause","Only confirmed pediatric cases were assembled","Aggregate of period 1 and period 2","The summary tested field is the number confirmed, not a tested denominator","critical","existing primary-paper extraction","not eligible: confirmed-only series","not applicable","exclude","Limpitikul 2014","Aggregate duplicate of rows 9 and 10; never include alongside its component rows.",FALSE,"audited_blood_tested; audited_blood_positive"
"Walters 2014 (1), Kasese","Kasese, Uganda","2009-2011",TRUE,FALSE,FALSE,"Koh 2025 review",FALSE,"sensitivity analysis only","not applicable",0.0945945945945946,,"not reported/retrieved","no posterior-predictive conflict at maximum pi",0.6536066,"0.564-0.732",0.999999999771157,0.999999999989798,,"Denominator: Valid for the 149 prospective cases only; incompatible with the full Kasese time series without phase-specific handling | Verification bias: critical | Simple-model assessment: not eligible for full-outbreak simple model | Verification-model assessment: possible phase-specific verification analysis but different severity mix | Recommended use: exclude from general PPV; phase-specific sensitivity only | Notes: Use 149, not 709, as the provisional testing frame for the prospective period; retrospective data are severely perforation biased.","12","709","74","7","0.095","","FALSE","FALSE","149","74","7","0.095","0.497","patients or blood cultures during prospective surveillance","blood culture only for audited pair; stool cultures excluded","Intestinal perforation or fever plus abdominal pain and at least one gastrointestinal or systemic symptom","Blood cultures were collected during laboratory-enhanced prospective case finding; retrospective Kasese ascertainment captured almost only perforations","Culture pair corresponds to the late prospective period, not the full 709-case series","Valid for the 149 prospective cases only; incompatible with the full Kasese time series without phase-specific handling","critical","primary paper verified in current audit","not eligible for full-outbreak simple model","possible phase-specific verification analysis but different severity mix","exclude from general PPV; phase-specific sensitivity only","Walters 2014 Kasese","Use 149, not 709, as the provisional testing frame for the prospective period; retrospective data are severely perforation biased.",FALSE,"audited_blood_tested; audited_blood_positive"
"Walters 2014 (2), Bundibugyo","Bundibugyo, Uganda","2011",TRUE,FALSE,FALSE,"Koh 2025 review",FALSE,"sensitivity analysis only","not applicable",0.208333333333333,,"not reported/retrieved","no posterior-predictive conflict at maximum pi",0.6536066,"0.564-0.732",0.999996969880232,0.999999528725638,,"Denominator: Valid for the prospective frame; not directly representative of all 333 cases | Verification bias: high | Simple-model assessment: not eligible for full-outbreak simple model | Verification-model assessment: candidate for phase-specific verification adjustment | Recommended use: sensitivity only | Notes: The prospective frame is less severity biased than Kasese, but cultures and suspected counts must be aligned to the same phase.","13","333","72","15","0.208","","FALSE","FALSE","128","72","15","0.208","0.563","patients or blood cultures during prospective surveillance","blood culture only for audited pair; stool cultures excluded","Intestinal perforation or fever plus abdominal pain and at least one gastrointestinal or systemic symptom","Blood cultures were collected during laboratory-enhanced prospective case finding rather than uniformly throughout the year","Culture pair corresponds to 128 prospectively identified cases within the 333-case annual series","Valid for the prospective frame; not directly representative of all 333 cases","high","primary paper verified in current audit","not eligible for full-outbreak simple model","candidate for phase-specific verification adjustment","sensitivity only","Walters 2014 Bundibugyo","The prospective frame is less severity biased than Kasese, but cultures and suspected counts must be aligned to the same phase.",FALSE,"audited_blood_tested; audited_blood_positive"
"Ali 2017","Kikwit, DRC","2011",TRUE,FALSE,FALSE,"Koh 2025 review",FALSE,"sensitivity analysis only","not applicable",0.375,,"not reported/retrieved","no posterior-predictive conflict at maximum pi",0.6536066,"0.564-0.732",0.988758298769813,0.99660060791175,,"Denominator: The summary 56/66 is not a valid blood-specific pair; 6/16 is the recoverable blood pair but is highly selected and temporally restricted | Verification bias: critical | Simple-model assessment: not eligible for simple model | Verification-model assessment: possible outbreak-confirmation sensitivity analysis only | Recommended use: sensitivity only | Notes: Replace 56/66 with the blood-specific 6/16 if used; do not mix stool or unspecified samples.","14","1430","66","56","0.848","0.6","TRUE","FALSE","1430","16","6","0.375","0.011","blood samples","blood culture; later samples and reports mixed blood and stool","Fever >=38 C for >3 days plus digestive symptoms and a negative malaria test","Sixteen initial blood samples were cultured; later confirmation used mixed specimen types and clinical diagnosis because of limited laboratory access","Culture occurred at outbreak confirmation; later case ascertainment became clinical","The summary 56/66 is not a valid blood-specific pair; 6/16 is the recoverable blood pair but is highly selected and temporally restricted","critical","summary notes and existing case-definition extraction; primary-paper recheck recommended","not eligible for simple model","possible outbreak-confirmation sensitivity analysis only","sensitivity only","Ali 2017","Replace 56/66 with the blood-specific 6/16 if used; do not mix stool or unspecified samples.",TRUE,"audited_blood_tested; audited_blood_positive"
"Roy 2016","Assam, India","2014",TRUE,FALSE,FALSE,"Koh 2025 review",FALSE,"sensitivity analysis only","not applicable",0.461538461538462,,"not reported/retrieved","no posterior-predictive conflict at maximum pi",0.6536066,"0.564-0.732",0.942371194977599,0.977315329573924,,"Denominator: Numeric pair is valid but the entry definition, selection mechanism, and sample size are inadequate for the primary community model | Verification bias: high | Simple-model assessment: not eligible: no explicit comparable definition and n<20 | Verification-model assessment: sensitivity only | Recommended use: sensitivity only | Notes: Useful only to illustrate how hospital and serologic preselection can raise positivity.","15","79","13","6","0.462","1.95","TRUE","FALSE","79","13","6","0.462","0.165","patients","blood culture; Widal testing also used","Fever presentation to hospitals; no reproducible suspected-case definition reported","Small hospital-selected cultured subset; all 79 were Widal positive by slide method","Outbreak period appears aligned","Numeric pair is valid but the entry definition, selection mechanism, and sample size are inadequate for the primary community model","high","existing project extraction; primary-paper recheck recommended","not eligible: no explicit comparable definition and n<20","sensitivity only","sensitivity only","Roy 2016","Useful only to illustrate how hospital and serologic preselection can raise positivity.",FALSE,"audited_blood_tested; audited_blood_positive"
"Kabwama 2017","Kampala, Uganda","2015",TRUE,FALSE,FALSE,"Koh 2025 review",TRUE,"main model: major verification adjustment","major",0.153846153846154,,"not reported/retrieved","no posterior-predictive conflict at maximum pi",0.6536066,"0.564-0.732",1,1,,"Denominator: Corrected tested denominator is valid for the cultured subset but not demonstrated representative of all 10230 suspected cases | Verification bias: high | Simple-model assessment: not eligible without selection adjustment | Verification-model assessment: candidate with major verification-bias caution | Recommended use: verification-adjusted candidate | Notes: Use 56/364. The summary sheet's 51/364 is stale.","16","10230","364","51","0.14","0.95","TRUE","TRUE","10230","364","56","0.154","0.036","patients","blood culture","Fever >=37.5 C for >=3 days plus headache, abdominal pain, malaria-negative or treatment failure, and at least two gastrointestinal or fatigue symptoms","Cultures were obtained from a small subset at treatment centers; selection mechanism was not modeled","Cultures occurred during the outbreak surveillance period","Corrected tested denominator is valid for the cultured subset but not demonstrated representative of all 10230 suspected cases","high","primary paper verified","not eligible without selection adjustment","candidate with major verification-bias caution","verification-adjusted candidate","Kabwama 2017","Use 56/364. The summary sheet's 51/364 is stale.",TRUE,"audited_blood_tested; audited_blood_positive"
"Qamar 2018","Hyderabad, Pakistan","2016-2017",TRUE,FALSE,FALSE,"Koh 2025 review",FALSE,"sensitivity analysis only","not applicable",0.411764705882353,,"not reported/retrieved","no posterior-predictive conflict at maximum pi",0.6536066,"0.564-0.732",0.998770779422116,0.999600515906432,,"Denominator: The summary 486/586 is not a PPV pair; the nested 70/170 pair may be usable after primary flow verification | Verification bias: high or unclear | Simple-model assessment: eligible for sensitivity only: k counts ceftriaxone-resistant Typhi | Verification-model assessment: sensitivity candidate; all-Typhi positive count not separable | Recommended use: sensitivity only (flagged): active-surveillance pair with resistance-only numerator | Notes: Full text audited 2026-07-17: nested active-surveillance arm gives 170 suspected / 170 blood-cultured / 70 positive (positivity 41 percent), a clean culture-independent frame. But the 70 counts ceftriaxone-resistant Typhi only (all-Typhi at least 70, unreported); 89 percent prior antibiotics, median 14-day illness, paediatric low blood volume (1.5-2.5 mL). Do not divide 486 or 70 by 586.","17","","586","486","0.829","","FALSE","FALSE","170","170","70","0.412","1","active-surveillance participants; primary verification required","blood culture and susceptibility testing for ceftriaxone-resistant S. Typhi","Hyderabad resident with fever >=37.5 C for at least 3 days and no other identified cause","The published 586/486 totals combine predominantly laboratory-detected XDR cases; a nested active-surveillance group reportedly enrolled 170 suspected persons and confirmed 70","The 170/70 subset is temporally and operationally distinct from the full confirmed-case series","The summary 486/586 is not a PPV pair; the nested 70/170 pair may be usable after primary flow verification","high or unclear","summary notes and case-definition extraction; primary-paper flow reconstruction required","eligible for sensitivity only: k counts ceftriaxone-resistant Typhi","sensitivity candidate; all-Typhi positive count not separable","sensitivity only (flagged): active-surveillance pair with resistance-only numerator","Qamar 2018","Full text audited 2026-07-17: nested active-surveillance arm gives 170 suspected / 170 blood-cultured / 70 positive (positivity 41 percent), a clean culture-independent frame. But the 70 counts ceftriaxone-resistant Typhi only (all-Typhi at least 70, unreported); 89 percent prior antibiotics, median 14-day illness, paediatric low blood volume (1.5-2.5 mL). Do not divide 486 or 70 by 586.",TRUE,"audited_blood_tested; audited_blood_positive"
"Hu 2022","Lanling, China","2016",TRUE,FALSE,FALSE,"Koh 2025 review",TRUE,"main model: negligible/low verification adjustment","negligible/low",0.774193548387097,,"not reported/retrieved","no posterior-predictive conflict at maximum pi",0.6536066,"0.564-0.732",0.140833513328113,0.336080015025019,,"Denominator: Complete blood testing within the reported suspected-case frame | Verification bias: low within reported cases; possible upstream case-ascertainment bias remains | Simple-model assessment: candidate: complete verification | Verification-model assessment: candidate | Recommended use: base candidate with complete verification | Notes: High positivity is plausible in a concentrated common-source outbreak but should be checked against the predictive distribution for blood-culture sensitivity rather than excluded by a hard threshold.","18","31","31","24","0.774","","FALSE","FALSE","31","31","24","0.774","1","patients","all 31 patients had blood and stool collected; 24 blood-positive and one stool-only positive","Sustained fever >=38 C for >3 days plus headache and fatigue with no other diagnosed cause","All 31 reported suspected cases were sampled under surveillance and hospital collection","Full January-May outbreak series","Complete blood testing within the reported suspected-case frame","low within reported cases; possible upstream case-ascertainment bias remains","primary paper verified in current audit","candidate: complete verification","candidate","base candidate with complete verification","Hu 2022","High positivity is plausible in a concentrated common-source outbreak but should be checked against the predictive distribution for blood-culture sensitivity rather than excluded by a hard threshold.",FALSE,"audited_blood_tested; audited_blood_positive"
"Yousafzai 2019","Hyderabad, Pakistan","2016-2018",TRUE,FALSE,FALSE,"Koh 2025 review",FALSE,"exclude from PPV modeling","not applicable",,,"not reported/retrieved","not assessable: no valid blood-culture pair",0.6536066,"0.564-0.732",,,,"Denominator: The summary tested and suspected fields repeat the confirmed-case count | Verification bias: critical | Simple-model assessment: not eligible: confirmed-only series | Verification-model assessment: not applicable | Recommended use: exclude | Notes: Do not interpret 101/101 as culture positivity among a syndromic cohort.","19","101","101","101","1","","FALSE","FALSE","","","101","","","confirmed XDR cases selected for case-control analysis","blood culture-confirmed ceftriaxone-resistant S. Typhi","Febrile household or neighborhood contact of a confirmed XDR case","Activities were based on identification of culture-proven cases; 101 is not an all-suspected tested cohort","Confirmed-case period; no compatible suspected denominator","The summary tested and suspected fields repeat the confirmed-case count","critical","existing case-definition extraction; primary-paper recheck recommended","not eligible: confirmed-only series","not applicable","exclude","Yousafzai 2019","Do not interpret 101/101 as culture positivity among a syndromic cohort.",FALSE,"audited_blood_tested; audited_blood_positive"
"Makungo 2020","Makhuduthamaga, South Africa","2017",TRUE,FALSE,FALSE,"Koh 2025 review",TRUE,"main model: moderate verification adjustment","moderate",0.107692307692308,,"not reported/retrieved","no posterior-predictive conflict at maximum pi",0.6536066,"0.564-0.732",0.999999996688113,0.99999999976207,,"Denominator: Blood-specific pair is valid; partial testing appears partly resource driven but patient-level uniqueness should be confirmed | Verification bias: moderate | Simple-model assessment: not eligible for naive simple model unless missingness is treated as resource-based random | Verification-model assessment: candidate for verification adjustment | Recommended use: verification-adjusted candidate | Notes: A useful omitted candidate because the missing-culture mechanism is partly documented; confirm whether 65 specimens represent 65 unique suspected patients.","20","122","65","7","0.108","","FALSE","FALSE","122","65","7","0.108","0.533","clinical specimens; patient uniqueness likely but not explicit","65 blood cultures; six stool and three rectal swabs also submitted","Resident with measured fever >38 C, acute onset, and gastrointestinal symptoms during the outbreak","Blood cultures were unavailable for some patients; 32 Widal tests were requested when culture bottles were unavailable","Full November-December outbreak investigation","Blood-specific pair is valid; partial testing appears partly resource driven but patient-level uniqueness should be confirmed","moderate","primary paper verified in current audit","not eligible for naive simple model unless missingness is treated as resource-based random","candidate for verification adjustment","verification-adjusted candidate","Makungo 2020","A useful omitted candidate because the missing-culture mechanism is partly documented; confirm whether 65 specimens represent 65 unique suspected patients.",FALSE,"audited_blood_tested; audited_blood_positive"
"Nimonkar 2022","Amritsar, India","2019",TRUE,FALSE,FALSE,"Koh 2025 review",FALSE,"exclude from PPV modeling","not applicable",,,"not reported/retrieved","not assessable: no valid blood-culture pair",0.6536066,"0.564-0.732",,,,"Denominator: No independently reported tested denominator has been established | Verification bias: critical | Simple-model assessment: not eligible: 75 cultures taken, positive yield never stated | Verification-model assessment: probable plus confirmed case set; not a blood-culture pair | Recommended use: exclude: blood-positive count unreported, serology-inclusive case set | Notes: Full text audited 2026-07-17: 75 cases = probable (Widal at least 1:80) plus confirmed; 75 blood cultures taken but the positive count is never reported; at least 6 cases diagnosed by TyphiDot serology. The 75/75 summary is a non-informative artifact, not positivity 1.0.","21","75","75","75","1","1.64","TRUE","FALSE","","","75","","","confirmed or probable military cases; tested frame unresolved","blood culture reported for confirmed cases","Prolonged fever plus multiple classic typhoid signs; probable classification also used Widal or exposure","The summary appears to equate the case series with the tested and confirmed cohort","Outbreak period aligned but source flow unresolved","No independently reported tested denominator has been established","critical","summary extraction only; primary source reconstruction required","not eligible: 75 cultures taken, positive yield never stated","probable plus confirmed case set; not a blood-culture pair","exclude: blood-positive count unreported, serology-inclusive case set","Nimonkar 2022","Full text audited 2026-07-17: 75 cases = probable (Widal at least 1:80) plus confirmed; 75 blood cultures taken but the positive count is never reported; at least 6 cases diagnosed by TyphiDot serology. The 75/75 summary is a non-informative artifact, not positivity 1.0.",FALSE,"audited_blood_tested; audited_blood_positive"
"Srinivasan 2022","Vellore, India","2019",TRUE,FALSE,FALSE,"Koh 2025 review",FALSE,"exclude from PPV modeling","not applicable",,,"not reported/retrieved","not assessable: no valid blood-culture pair",0.6536066,"0.564-0.732",,,,"Denominator: The summary tested and suspected values are confirmed counts, not documented denominators | Verification bias: critical | Simple-model assessment: not eligible: k=51 firm but n tested is unreported | Verification-model assessment: cohort confirmed-case series; denominator absent | Recommended use: exclude: confirmed-only, number blood-cultured not reported | Notes: Full text audited 2026-07-17: 51 blood-culture-confirmed pediatric cases (clean, blood-specific), but the number of fever at least 3-day children actually blood-cultured is never reported. The SEFI cohort (5705-6760) and area populations are attack-rate denominators, not the cultured-suspected frame.","22","51","51","51","1","0.9","TRUE","FALSE","","","51","","","blood-culture-confirmed cases from active cohort surveillance","blood culture","Children with fever >=3 days met the study surveillance definition","The article reports 51 confirmed cases but not the number of suspected children cultured","Outbreak period aligned; denominator absent","The summary tested and suspected values are confirmed counts, not documented denominators","critical","existing primary-paper extraction","not eligible: k=51 firm but n tested is unreported","cohort confirmed-case series; denominator absent","exclude: confirmed-only, number blood-cultured not reported","Srinivasan 2022","Full text audited 2026-07-17: 51 blood-culture-confirmed pediatric cases (clean, blood-specific), but the number of fever at least 3-day children actually blood-cultured is never reported. The SEFI cohort (5705-6760) and area populations are attack-rate denominators, not the cultured-suspected frame.",FALSE,"audited_blood_tested; audited_blood_positive"
"Wang 2022","Beijing, China","2022",TRUE,FALSE,FALSE,"Koh 2025 review",FALSE,"exclude from PPV modeling","not applicable",,,"not reported/retrieved","not assessable: no valid blood-culture pair",0.6536066,"0.564-0.732",,,,"Denominator: One positive blood culture cannot be used as 1/1 positivity for the 23-case outbreak | Verification bias: critical | Simple-model assessment: not eligible: trivial or misclassified denominator | Verification-model assessment: not applicable | Recommended use: exclude | Notes: The time series also duplicates cases by onset and confirmation dates; this is not a PPV observation.","23","23","1","1","1","21.7","TRUE","FALSE","","","1","","","index isolate and clinically or epidemiologically identified outbreak cases","blood and stool testing described across investigation; one blood isolate is not a sample denominator","Confirmed outbreak case definition; the summary does not provide a syndromic tested cohort","Investigation was triggered by clinically diagnosed cases; the summary records one positive blood isolate but not a testing sample","Outbreak period aligned but testing flow unresolved","One positive blood culture cannot be used as 1/1 positivity for the 23-case outbreak","critical","existing primary-paper extraction and summary notes","not eligible: trivial or misclassified denominator","not applicable","exclude","Wang 2022","The time series also duplicates cases by onset and confirmation dates; this is not a PPV observation.",FALSE,"audited_blood_tested; audited_blood_positive"
"Al-Sanouri 2008","Jordan","2004",TRUE,FALSE,FALSE,"Koh 2025 review",FALSE,"exclude from PPV modeling","not applicable",,,"not reported/retrieved","not assessable: no valid blood-culture pair",0.6536066,"0.564-0.732",,,,"Verification bias: unassessable | Simple-model assessment: not eligible as a clean pair: hospital severity-selected, denominator inferred | Verification-model assessment: sensitivity candidate; n tested not directly reported | Recommended use: sensitivity only (flagged): partial blood pair, tested denominator inferred not reported | Notes: Full text audited 2026-07-17: outbreak N=83 clinically suspected (fever at least 39C plus abdominal pain plus diarrhoea, admitted), k=20 blood-culture-positive (blood-specific; the pooled 24 also includes 5 faecal). n tested not stated, only inferable near 83 from the authors 24/83=29 percent. Hospital severity-selected. Do not use the pooled 24/83.","Koh inventory: Al-Sanouri 2008","","","","","","FALSE","FALSE","","","","","","patients","","Suspected: exhibited fever ( 39C), abdominal pain and diarrhoea, and were treated with ceftriaxone intravenous therapy with favourable outcome.
Confirmed: positive on blood or fecal culture","","","","unassessable","canonical Koh summary reviewed; PPV fields require primary-paper audit","not eligible as a clean pair: hospital severity-selected, denominator inferred","sensitivity candidate; n tested not directly reported","sensitivity only (flagged): partial blood pair, tested denominator inferred not reported","Al-Sanouri 2008","Full text audited 2026-07-17: outbreak N=83 clinically suspected (fever at least 39C plus abdominal pain plus diarrhoea, admitted), k=20 blood-culture-positive (blood-specific; the pooled 24 also includes 5 faecal). n tested not stated, only inferable near 83 from the authors 24/83=29 percent. Hospital severity-selected. Do not use the pooled 24/83.",FALSE,"audited_blood_tested; audited_blood_positive"
"Muehlen 2007","Leipzig, Germany","2004",TRUE,FALSE,FALSE,"Koh 2025 review",FALSE,"sensitivity analysis only","not applicable",0.666666666666667,,"not reported/retrieved","no posterior-predictive conflict at maximum pi",0.6536066,"0.564-0.732",0.647394022215208,0.761120987058046,,"Denominator: Small fully tested outbreak frame; confirm that the denominator and numerator are both blood-specific rather than pooled blood/stool | Verification bias: high: exposure-defined outbreak frame; internal PPV may be valid but transportability is limited | Simple-model assessment: not primary until blood-specific flow is verified | Verification-model assessment: sensitivity candidate after specimen-scope verification | Recommended use: sensitivity only; small n is not an exclusion criterion | Notes: Observed 4/6 is not arithmetically inadmissible. Remaining concern is specimen/denominator compatibility and target-population transport, not sample size or positivity alone.","Koh inventory: Muehlen 2007","","","","","","FALSE","FALSE","Six outbreak-linked suspects","6","4","0.667","1.000","patients","blood/stool confirmation; blood-flow detail requires recheck","Suspected: a person with unexplained fever of at least 38.5C for three or more days since 1 May 2004 (corresponding to date of symptom onset of index cases minus twice the maximum incubation period of 30 days and an additional two weeks as a safety margin) and up to 31 July 2004
Probable: additional positive serological reactions (Widal test and/or specific ELISA)
Confirmed: isolation of STyphi from blood or stool cultures","","","Small fully tested outbreak frame; confirm that the denominator and numerator are both blood-specific rather than pooled blood/stool","high: exposure-defined outbreak frame; internal PPV may be valid but transportability is limited","canonical Koh summary reviewed; PPV fields require primary-paper audit","not primary until blood-specific flow is verified","sensitivity candidate after specimen-scope verification","sensitivity only; small n is not an exclusion criterion","Muehlen 2007","Observed 4/6 is not arithmetically inadmissible. Remaining concern is specimen/denominator compatibility and target-population transport, not sample size or positivity alone.",FALSE,"audited_blood_tested; audited_blood_positive"
"Bayram 2011","Anatolia, Turkey","2008",TRUE,FALSE,FALSE,"Koh 2025 review",FALSE,"exclude from PPV modeling","not applicable",,,"not reported/retrieved","not assessable: no valid blood-culture pair",0.6536066,"0.564-0.732",,,,"Denominator: Duplicate report of the Van/Anatolia outbreak represented by Aypak 2010 | Verification bias: unassessable | Simple-model assessment: not eligible as an independent observation | Verification-model assessment: duplicate outbreak/report | Recommended use: exclude duplicate; retain Aypak 2010 counts | Notes: Explicit active decision: Aypak supplies the recoverable 34/154 blood-culture pair; Bayram is not an independent outbreak.","Koh inventory: Bayram 2011","","","","","","FALSE","FALSE","","","","","","patients","","Suspected: a stepladder pattern of fever, headache, malaise with loss of appetite, usually with gastrointestinal symptoms and having two or more of the following symptoms/signs: toxic look; relative bradycardia; rose spots on the trunk; splenic enlargement; or non-productive cough.
Confirmed: confirmed by positive stool or blood culture for S. typhi.","","","Duplicate report of the Van/Anatolia outbreak represented by Aypak 2010","unassessable","canonical Koh summary reviewed; PPV fields require primary-paper audit","not eligible as an independent observation","duplicate outbreak/report","exclude duplicate; retain Aypak 2010 counts","Van/Anatolia 2008 outbreak","Explicit active decision: Aypak supplies the recoverable 34/154 blood-culture pair; Bayram is not an independent outbreak.",FALSE,"audited_blood_tested; audited_blood_positive"
"Hendriksen 2015","Lusaka, Zambia","2010-2012",TRUE,FALSE,FALSE,"Koh 2025 review",FALSE,"exclude from PPV modeling","not applicable",,,"not reported/retrieved","not assessable: no valid blood-culture pair",0.6536066,"0.564-0.732",,,,"Verification bias: unassessable | Simple-model assessment: not eligible: no clinical suspected-case denominator | Verification-model assessment: stored-isolate WGS study; no testing flow | Recommended use: exclude: genomics/isolate-characterisation paper, no suspected denominator | Notes: Full text audited 2026-07-17: WGST of 94 stored isolates (86 blood, 8 stool) from a 2040-case surveillance total. Isolates are a storage-survival convenience sample, not a cultured-suspected denominator. No PPV recoverable.","Koh inventory: Hendriksen 2015","","","","","","FALSE","FALSE","","","","","","patients","","Suspected: Did not provide case definition

Confirmed: stool and blood samples, all presumptively S. Typhi-positive colonies were identified by biochemical tests and serogrouping and subsequently subjected to an S. Typhi-specific PCR assay for confirmation. The remaining isolates were either not stored or not viable in Zambia.","","","","unassessable","canonical Koh summary reviewed; PPV fields require primary-paper audit","not eligible: no clinical suspected-case denominator","stored-isolate WGS study; no testing flow","exclude: genomics/isolate-characterisation paper, no suspected denominator","Hendriksen 2015","Full text audited 2026-07-17: WGST of 94 stored isolates (86 blood, 8 stool) from a 2040-case surveillance total. Isolates are a storage-survival convenience sample, not a cultured-suspected denominator. No PPV recoverable.",FALSE,"audited_blood_tested; audited_blood_positive"
"Polonsky 2014 (total)","Harare, Zimbabwe","2011-2012",TRUE,FALSE,FALSE,"Koh 2025 review",FALSE,"exclude from PPV modeling","not applicable",,,"not reported/retrieved","not assessable: no valid blood-culture pair",0.6536066,"0.564-0.732",,,,"Verification bias: unassessable | Simple-model assessment: not eligible: 62 confirmed pool blood/bone marrow/bowel fluid/stool | Verification-model assessment: descriptive-epi report; specimen pooled | Recommended use: exclude: pooled-specimen confirmation, no blood tested denominator | Notes: Full text audited 2026-07-17: 3795 suspected, 62 confirmed by isolation from blood/bone marrow/bowel fluid/stool (pooled); number cultured never reported. Same 2011-2012 Harare epidemic as Muti 2014 and Imanishi 2014 (non-independent).","Koh inventory: Polonsky 2014 (total)","","","","","","FALSE","FALSE","","","","","","patients","","Suspected: any person with gradual onset of steadily increasing and then persistently high fever, chills, malaise, headache, sore throat, cough, and, sometimes, abdominal pain and constipation or diarrhoea. 
Confirmed: as a suspected case confirmed by isolation of S. Typhi from blood, bone marrow, bowel fluid or stool.","","","","unassessable","canonical Koh summary reviewed; PPV fields require primary-paper audit","not eligible: 62 confirmed pool blood/bone marrow/bowel fluid/stool","descriptive-epi report; specimen pooled","exclude: pooled-specimen confirmation, no blood tested denominator","Polonsky 2014 (total)","Full text audited 2026-07-17: 3795 suspected, 62 confirmed by isolation from blood/bone marrow/bowel fluid/stool (pooled); number cultured never reported. Same 2011-2012 Harare epidemic as Muti 2014 and Imanishi 2014 (non-independent).",FALSE,"audited_blood_tested; audited_blood_positive"
"Muti 2014","Harare, Zimbabwe","2011-2012",TRUE,FALSE,FALSE,"Koh 2025 review",FALSE,"exclude from PPV modeling","not applicable",,,"not reported/retrieved","not assessable: no valid blood-culture pair",0.6536066,"0.564-0.732",,,,"Verification bias: unassessable | Simple-model assessment: not eligible: 24 positives pooled across stool/urine/blood | Verification-model assessment: outbreak investigation; specimen pooled | Recommended use: exclude: pooled-specimen confirmation (stool/urine/blood), no blood tested denominator | Notes: Full text audited 2026-07-17: 1078 suspected, 24 positive for S. Typhi in stool, urine or blood (pooled, stool-dominant); number blood-cultured never reported. Same 2011-2012 Harare epidemic as Polonsky and Imanishi (non-independent).","Koh inventory: Muti 2014","","","","","","FALSE","FALSE","","","","","","patients","","Suspected: as any person from Dzivaresekwa presenting with any one or more of the following symptoms: fever for more than 3 days, associated with malaise, headache, vomiting, diarrhea or constipation and cough from the 9th of October 2011 to the 12th of December 2011
Confirmed: be positive for Salmonella typhi in stool, urine or blood.","","","","unassessable","canonical Koh summary reviewed; PPV fields require primary-paper audit","not eligible: 24 positives pooled across stool/urine/blood","outbreak investigation; specimen pooled","exclude: pooled-specimen confirmation (stool/urine/blood), no blood tested denominator","Muti 2014","Full text audited 2026-07-17: 1078 suspected, 24 positive for S. Typhi in stool, urine or blood (pooled, stool-dominant); number blood-cultured never reported. Same 2011-2012 Harare epidemic as Polonsky and Imanishi (non-independent).",FALSE,"audited_blood_tested; audited_blood_positive"
"Imanishi 2014 (total)","Harare, Zimbabwe","2011-2012",TRUE,FALSE,FALSE,"Koh 2025 review",FALSE,"exclude from PPV modeling","not applicable",,,"not reported/retrieved","not assessable: no valid blood-culture pair",0.6536066,"0.564-0.732",,,,"Verification bias: unassessable | Simple-model assessment: not eligible: pooled confirmation, no fixed tested denominator | Verification-model assessment: household WASH survey; not the case-count source | Recommended use: exclude: WASH-survey paper, pooled specimen, time-varying sampling | Notes: Full text audited 2026-07-17: 4181 suspected / 52 confirmed by blood, stool or urine culture (pooled); culturing dropped from all high-risk suspects to 1-in-5 then 1-in-10, so no fixed denominator. Same 2011-2012 Harare epidemic as Polonsky and Muti (non-independent).","Koh inventory: Imanishi 2014 (total)","","","","","","FALSE","FALSE","","","","","","patients","","Suspected: fever of 3 days duration and either malaise, headache, vomiting, diarrhea, constipation, or cough in a person who lived in or visited Harare since October 1, 2011
Confirmed: met the suspected case definition and had Typhi isolated from the blood, stool, or urine culture","","","","unassessable","canonical Koh summary reviewed; PPV fields require primary-paper audit","not eligible: pooled confirmation, no fixed tested denominator","household WASH survey; not the case-count source","exclude: WASH-survey paper, pooled specimen, time-varying sampling","Imanishi 2014 (total)","Full text audited 2026-07-17: 4181 suspected / 52 confirmed by blood, stool or urine culture (pooled); culturing dropped from all high-risk suspects to 1-in-5 then 1-in-10, so no fixed denominator. Same 2011-2012 Harare epidemic as Polonsky and Muti (non-independent).",FALSE,"audited_blood_tested; audited_blood_positive"
"Cherian 2015","Pondicherry, India","2013",TRUE,FALSE,FALSE,"Koh 2025 review",FALSE,"not yet: source reconstruction or retrieval required","not applicable",,,"not reported/retrieved","not assessable: no valid blood-culture pair",0.6536066,"0.564-0.732",,,,"Verification bias: unassessable | Simple-model assessment: not eligible pending compatible blood-culture denominator | Verification-model assessment: source reconstruction required | Recommended use: not yet: source reconstruction required","Koh inventory: Cherian 2015","","","","","","FALSE","FALSE","","","","","","patients","","Probable: with fever for 1 week or more over last 1 month. Blood samples were drawn from all probable cases for further investigations at the medical college
Confirmed: A blood culture growth positive for S. typhi or a fourfold rise in antibody titer on Widal test","","","","unassessable","canonical Koh summary reviewed; PPV fields require primary-paper audit","not eligible pending compatible blood-culture denominator","source reconstruction required","not yet: source reconstruction required","Cherian 2015","",FALSE,"audited_blood_tested; audited_blood_positive"
"Burnsed 2018","Oklahoma, USA","2015",TRUE,FALSE,FALSE,"Koh 2025 review",FALSE,"exclude from PPV modeling","not applicable",,,"not reported/retrieved","not assessable: no valid blood-culture pair",0.6536066,"0.564-0.732",,,,"Verification bias: unassessable | Simple-model assessment: not eligible: probable cases are epi-linked contacts, not a cultured frame | Verification-model assessment: molecular plus descriptive; no testing flow | Recommended use: exclude: WGS/descriptive, contact-defined probables, no cultured-suspected denominator | Notes: Full text audited 2026-07-17: 38 cases (25 culture-confirmed: 12 blood, 9 stool, 4 both; 13 probable contacts). US point-source Marshallese-community outbreak; confirmation required a matching PFGE pattern and there is no cultured-suspected denominator.","Koh inventory: Burnsed 2018","","","","","","FALSE","FALSE","","","","","","patients","","Probable: a person with clinically compatible illness (e.g. diarrhoea, fever, etc.) who had close, personal contact to a confirmed case. Close, personal contact was defined as either household contacts or individuals who attended any of the community gatherings linked to the outbreak
Confirmed: defined as a person with isolation of S. Typhi from a stool or blood culture, with one of the designated outbreak patterns (XbaI restriction enzyme patterns JPPX01.0255, JPPX01.1200, JPPX01.1201 or JPPX01.1029) as determined by pulsed-field gel electrophoresis (PFGE)","","","","unassessable","canonical Koh summary reviewed; PPV fields require primary-paper audit","not eligible: probable cases are epi-linked contacts, not a cultured frame","molecular plus descriptive; no testing flow","exclude: WGS/descriptive, contact-defined probables, no cultured-suspected denominator","Burnsed 2018","Full text audited 2026-07-17: 38 cases (25 culture-confirmed: 12 blood, 9 stool, 4 both; 13 probable contacts). US point-source Marshallese-community outbreak; confirmation required a matching PFGE pattern and there is no cultured-suspected denominator.",FALSE,"audited_blood_tested; audited_blood_positive"
"Davis 2018","Harare, Zimbabwe","2016-2017",TRUE,FALSE,FALSE,"Koh 2025 review",FALSE,"exclude from PPV modeling","not applicable",,,"not reported/retrieved","not assessable: no valid blood-culture pair",0.6536066,"0.564-0.732",,,,"Verification bias: unassessable | Simple-model assessment: not eligible: 80 confirmed pool blood/stool; no tested count | Verification-model assessment: short-form surveillance report; specimen pooled | Recommended use: exclude: pooled blood/stool confirmation, no blood-culture tested denominator | Notes: Correct primary audited 2026-07-17 (Zotero EDH27L72, MMWR 67:342-3): separate 2016-2017 Harare outbreak; 780 suspected, 80 confirmed by blood or stool; the only culture number is 73 isolates AST-tested from blood and stool. No blood-specific tested denominator. NB the folder CTL54YK3 mislabels an N'Cho 2019 copy as Davis 2018.","Koh inventory: Davis 2018","","","","","","FALSE","FALSE","","","","","","patients","","Suspected: an illness that began on or after October 6, 2016, with fever 100.4F (38C), body pains, headache, and abdominal pain.
Confirmed: had blood or stool specimens positive for Salmonella Typhi","","","","unassessable","canonical Koh summary reviewed; PPV fields require primary-paper audit","not eligible: 80 confirmed pool blood/stool; no tested count","short-form surveillance report; specimen pooled","exclude: pooled blood/stool confirmation, no blood-culture tested denominator","Davis 2018","Correct primary audited 2026-07-17 (Zotero EDH27L72, MMWR 67:342-3): separate 2016-2017 Harare outbreak; 780 suspected, 80 confirmed by blood or stool; the only culture number is 73 isolates AST-tested from blood and stool. No blood-specific tested denominator. NB the folder CTL54YK3 mislabels an N'Cho 2019 copy as Davis 2018.",FALSE,"audited_blood_tested; audited_blood_positive"
"Hechaichi 2023","Gabes, Tunisia","2016",TRUE,FALSE,FALSE,"Koh 2025 review",FALSE,"exclude from PPV modeling","not applicable",,,"not reported/retrieved","not assessable: no valid blood-culture pair",0.6536066,"0.564-0.732",,,,"Verification bias: unassessable | Simple-model assessment: not eligible: 74 confirmed pool blood/bone marrow/bowel fluid/stool | Verification-model assessment: outbreak investigation; specimen pooled | Recommended use: exclude: pooled-specimen confirmation, no blood tested denominator | Notes: Full text audited 2026-07-17: 187 met suspected criteria (74 confirmed plus 28 probable plus 85 suspected); confirmation pooled blood/bone marrow/bowel fluid/stool, not disaggregated; culture-negative suspects reclassified as healthy. No blood tested denominator.","Koh inventory: Hechaichi 2023","","","","","","FALSE","FALSE","","","","","","patients","","First stage criteria: 
Suspected: a resident or visitor to the delegation of Ghannouche, with onset on or after the beginning of June 2016, who presented at least one of the following signs and symptoms: torpor, diarrhea, constipation, vomiting, and abdominal pain. 
Probable: any suspected case with an epidemiological link to a confirmed case. 
Confirmed: required the biological isolation of S. Typhi from blood, bone marrow, bowel fluid, or stool.

Second stage criteria: 
At the end of the investigation, we grouped those who met the confirmed or probable case definition as people with typhoid fever, and we considered the suspected cases as healthy subjects after negative laboratory results and the subjects carrying S Typhi without clinical signs as asymptomatic carriers","","","","unassessable","canonical Koh summary reviewed; PPV fields require primary-paper audit","not eligible: 74 confirmed pool blood/bone marrow/bowel fluid/stool","outbreak investigation; specimen pooled","exclude: pooled-specimen confirmation, no blood tested denominator","Hechaichi 2023","Full text audited 2026-07-17: 187 met suspected criteria (74 confirmed plus 28 probable plus 85 suspected); confirmation pooled blood/bone marrow/bowel fluid/stool, not disaggregated; culture-negative suspects reclassified as healthy. No blood tested denominator.",FALSE,"audited_blood_tested; audited_blood_positive"
"N'Cho 2019","Harare, Zimbabwe","2017-2018",TRUE,FALSE,FALSE,"Koh 2025 review",TRUE,"main model: major verification adjustment","major",0.258741258741259,,"not reported/retrieved","no posterior-predictive conflict at maximum pi",0.6536066,"0.564-0.732",0.999997598322876,0.999999956213844,,"Denominator: Compatible within the 583-patient hospital subset; not representative of the full community outbreak | Verification bias: high | Simple-model assessment: not eligible without selection adjustment | Verification-model assessment: candidate with major verification adjustment | Recommended use: verification-adjusted candidate | Notes: Current stage-2 anchor: 74/286. This hospital subset lies within the Oct 2017-Jun 2018 outbreak summarized retrospectively by Poncin 2022 (4,330 cases; 250 blood-or-stool confirmed). Retain N'Cho as the sole PPV observation; Poncin has no tested denominator. Specimen caveat (primary verified 2026-07-17, Zotero RAYYTM4G, MMWR 68[2]:44-45): the paper states 'cultures were processed for 286 (49%) inpatients; 74 (26%) yielded Typhi' under a blood/stool/rectal-swab confirmation definition, so 74/286 is not disaggregated to blood culture. Retained in the main model as a real tested/positive pair within the 583-patient frame; a leave-N'Cho-out sensitivity check is recommended given the specimen ambiguity.","Koh inventory: N'Cho 2019","583","","","","","FALSE","FALSE","583 hospitalized patients in the Oct-Dec 2017 case-management review subset","286","74","0.259","0.489","patients","cultures processed for the audited hospital subset; specimen not disaggregated in the primary (blood/stool/rectal swab), likely predominantly blood in an inpatient setting","Suspected: the occurrence of fever and at least one of the following symptoms: headache, malaise, abdominal discomfort, vomiting, diarrhea, cough, or constipation.
Confirmed: had Typhi isolated from blood, stool, or rectal swab culture","Hospital-referred and selectively cultured subset; full outbreak had 3,187 suspected and 191 confirmed cases","","Compatible within the 583-patient hospital subset; not representative of the full community outbreak","high","primary extraction in manuscript/data/ppv_positivity_table.csv; current stage-2 strata member","not eligible without selection adjustment","candidate with major verification adjustment","verification-adjusted candidate","Harare 2017-2018 N'Cho-Poncin overlap","Current stage-2 anchor: 74/286. This hospital subset lies within the Oct 2017-Jun 2018 outbreak summarized retrospectively by Poncin 2022 (4,330 cases; 250 blood-or-stool confirmed). Retain N'Cho as the sole PPV observation; Poncin has no tested denominator. Specimen caveat (primary verified 2026-07-17, Zotero RAYYTM4G, MMWR 68[2]:44-45): the paper states 'cultures were processed for 286 (49%) inpatients; 74 (26%) yielded Typhi' under a blood/stool/rectal-swab confirmation definition, so 74/286 is not disaggregated to blood culture. Retained in the main model as a real tested/positive pair within the 583-patient frame; a leave-N'Cho-out sensitivity check is recommended given the specimen ambiguity.",FALSE,"audited_blood_tested; audited_blood_positive"
"Bano-Zaidi 2018","Yucatan, Mexico","2017-2018",TRUE,FALSE,FALSE,"Koh 2025 review",FALSE,"exclude from PPV modeling","not applicable",,,"not reported/retrieved","not assessable: no valid blood-culture pair",0.6536066,"0.564-0.732",,,,"Verification bias: unassessable | Simple-model assessment: not eligible: k=46 blood-positive but n tested unreported | Verification-model assessment: referral-hospital inpatient series; no tested count | Recommended use: exclude: severity-selected referral cohort, blood-tested denominator unreported | Notes: Full text audited 2026-07-17: 110 hospitalised (34 percent with severe complications, 81 percent ill at least 2 weeks); confirmed by blood (46), bone marrow (6) or stool (4), plus 10 clinical-perforation and 44 Widal over 1:320 probables. k=46 is blood-specific but the blood-cultured denominator is not reported; severity/hospital-selected frame.","Koh inventory: Bano-Zaidi 2018","","","","","","FALSE","FALSE","","","","","","patients","","Probable: clinical presentation and negative tests for other differentials, all of them also had positive Widal reactions (>1:320).
Confirmed: positive blood, bone marrow, or stool culture for S Typhi or if they were previously healthy with at least 10 days of fever, gastrointestinal symptoms, and non-traumatic perforation of the distal ileum","","","","unassessable","canonical Koh summary reviewed; PPV fields require primary-paper audit","not eligible: k=46 blood-positive but n tested unreported","referral-hospital inpatient series; no tested count","exclude: severity-selected referral cohort, blood-tested denominator unreported","Bano-Zaidi 2018","Full text audited 2026-07-17: 110 hospitalised (34 percent with severe complications, 81 percent ill at least 2 weeks); confirmed by blood (46), bone marrow (6) or stool (4), plus 10 clinical-perforation and 44 Widal over 1:320 probables. k=46 is blood-specific but the blood-cultured denominator is not reported; severity/hospital-selected frame.",FALSE,"audited_blood_tested; audited_blood_positive"
"Poncin 2022","Harare, Zimbabwe","2018-2019",TRUE,FALSE,FALSE,"Koh 2025 review",FALSE,"exclude from PPV modeling","not applicable",,,"not reported/retrieved","not assessable: no valid blood-culture pair",0.6536066,"0.564-0.732",,,,"Denominator: No blood-culture-tested denominator for either season; cannot supply a PPV observation | Verification bias: unassessable | Simple-model assessment: not eligible: no blood-specific tested denominator | Verification-model assessment: not a PPV observation; historical overlap with N'Cho explicitly linked | Recommended use: exclude from PPV likelihood; contextual/time-series source only | Notes: Do not combine Poncin's 250 blood-or-stool confirmations among 4,330 cases with N'Cho 74/286. N'Cho is the only compatible tested/positive pair. Poncin's 1,967 cases are a later season and still lack a tested denominator.","Koh inventory: Poncin 2022","","","","","","FALSE","FALSE","Primary report covers the subsequent Aug 2018-Feb 2019 season (1,967 cases) and cites the prior Oct 2017-Jun 2018 season (4,330 cases) that contains N'Cho's cohort","","","","","patients","suspected and confirmed surveillance counts; historical confirmation pooled blood and stool","Does not provide definitions","","Historical 2017-2018 counts overlap N'Cho; primary campaign-response series is the subsequent 2018-2019 season","No blood-culture-tested denominator for either season; cannot supply a PPV observation","unassessable","primary Poncin 2022 full text reviewed (Zotero P3VSMY2P) and reconciled against N'Cho 2019","not eligible: no blood-specific tested denominator","not a PPV observation; historical overlap with N'Cho explicitly linked","exclude from PPV likelihood; contextual/time-series source only","Harare 2017-2018 N'Cho-Poncin overlap","Do not combine Poncin's 250 blood-or-stool confirmations among 4,330 cases with N'Cho 74/286. N'Cho is the only compatible tested/positive pair. Poncin's 1,967 cases are a later season and still lack a tested denominator.",FALSE,"audited_blood_tested; audited_blood_positive"
"Akram 2020","","",FALSE,TRUE,FALSE,"Koh 2025 exclusion: no time-series data",FALSE,"exclude from PPV modeling","not applicable",,,"not reported/retrieved","not assessable: no valid blood-culture pair",0.6536066,"0.564-0.732",,,,"Verification bias: unassessable | Simple-model assessment: not eligible | Verification-model assessment: not eligible | Recommended use: exclude | Notes: Review of XDR typhoid evolution and management; it does not report an independently ascertained outbreak suspected-case series or a blood-culture-tested denominator.","#20","","","","","","FALSE","FALSE","","","","","","patients","","","","","","unassessable","Zotero full text screened; see zotero_pdf","not eligible","not eligible","exclude","Akram 2020","Review of XDR typhoid evolution and management; it does not report an independently ascertained outbreak suspected-case series or a blood-culture-tested denominator.",FALSE,"audited_blood_tested; audited_blood_positive"
"Anita 2012","Sungai Congkak Recreational Park, Selangor, Malaysia","2009",FALSE,TRUE,TRUE,"Koh 2025 exclusion: no time-series data; Appiah 2020 review",FALSE,"exclude from PPV modeling","not applicable",,,"not reported/retrieved","not assessable: no valid blood-culture pair",0.6536066,"0.564-0.732",,,,"Denominator: pi = 1 by construction: cases are defined by culture positivity, so no independent denominator exists | Verification bias: high | Simple-model assessment: not eligible: confirmed-case series with no syndromic denominator | Verification-model assessment: not eligible | Recommended use: exclude | Notes: Cleanest example of the confirmed-case-series pattern. The 12 cases are pooled blood/urine/stool and never disaggregated; only the 4 index paediatric cases are known blood-culture. Paper has numerous internal inconsistencies (68 vs 75 controls; 14 vs 39 suspects; OR 13 vs 14 vs 14.44). Typhoid vaccination of food handlers recommended post-outbreak with no numbers.","#35","45","","4","","","FALSE","FALSE","No syndromic denominator exists; 45 clinic-record suspects sit outside the case definition","","4","","","patients","blood OR urine OR stool pooled in the case definition; active screening used stool only","A person with or without clinical features, WITH ISOLATION of S. typhi in blood or urine or stool, who had visited the park on 27 Jan 2009","Passive, clinician-initiated and confirmation-gated. The case definition requires isolation, so untested suspects can never become cases. The 4 index cases were blood-cultured as paediatric inpatients, i.e. admission was the de facto blood-culture gate; the retrospective arm cultured stool only, weeks after onset","Daily epidemic curve available (Fig 1)","pi = 1 by construction: cases are defined by culture positivity, so no independent denominator exists","high","primary paper reviewed (Zotero UXDNSEK9)","not eligible: confirmed-case series with no syndromic denominator","not eligible","exclude","Anita 2012","Cleanest example of the confirmed-case-series pattern. The 12 cases are pooled blood/urine/stool and never disaggregated; only the 4 index paediatric cases are known blood-culture. Paper has numerous internal inconsistencies (68 vs 75 controls; 14 vs 39 suspects; OR 13 vs 14 vs 14.44). Typhoid vaccination of food handlers recommended post-outbreak with no numbers.",FALSE,"audited_blood_tested; audited_blood_positive"
"Aypak 2010","Ercek Village, Van, Eastern Anatolia, Turkey","2008",FALSE,TRUE,TRUE,"Koh 2025 exclusion: no time-series data; Appiah 2020 review",FALSE,"sensitivity analysis only","not applicable",0.220779220779221,,"not reported/retrieved","no posterior-predictive conflict at maximum pi",0.6536066,"0.564-0.732",0.999999435595271,0.999999977098493,,"Denominator: Blood numerator (34) is recoverable, but the denominator of 154 is INFERRED from percentage arithmetic, not reported. Frame is hospitalised suspects, not all 867 | Verification bias: high | Simple-model assessment: marginal: usable only as a HOSPITALISED PPV (34/154 = 22.1%) | Verification-model assessment: candidate with explicit severity selection | Recommended use: sensitivity only (severity-gated denominator) | Notes: RESOLVED the abstract's '42 (27.3%) cultures': it is POOLED blood+stool. Text says '34 (22%) cases were confirmed by blood culture and eight (5.2%) by stool culture'; 34/154=22.1%, 8/154=5.2%, 42/154=27.3% - all resolve against 154, confirming the denominator. DO NOT use 42 as a blood numerator. Population 4,700; implied attack rate 18.4%; no deaths. Paper has several internal contradictions (Table 1 ALT >2xULN 12 < ALT >5xULN 13, impossible; ciprofloxacin n=17 in text vs n=15 in Table 2).","#53","867","","34","0.221","","FALSE","FALSE","867 suspected village residents, but culture appears confined to the 154 (17.8%) hospitalised","154","34","0.221","0.178","patients","blood culture (Bactec 9050) AND stool culture, reported separately; Widal on all 154 inpatients","Stepladder fever, headache, malaise with loss of appetite, usually with gastrointestinal symptoms, plus >=2 of: toxic look, relative bradycardia, rose spots on trunk, splenic enlargement, non-productive cough","SEVERITY-GATED (inferred, never stated). '154 (17.8%) were hospitalized by the treating physician' with no criteria given. All lab work is framed around the 154 inpatients; no lab data of any kind are reported for the 713 non-hospitalised. The paper never states how many of the 154 actually had blood drawn","No epidemic curve; tables only","Blood numerator (34) is recoverable, but the denominator of 154 is INFERRED from percentage arithmetic, not reported. Frame is hospitalised suspects, not all 867","high","primary paper reviewed (Zotero JF9DVMSN); Trop Doct 2010;40:160-162","marginal: usable only as a HOSPITALISED PPV (34/154 = 22.1%)","candidate with explicit severity selection","sensitivity only (severity-gated denominator)","Aypak 2010","RESOLVED the abstract's '42 (27.3%) cultures': it is POOLED blood+stool. Text says '34 (22%) cases were confirmed by blood culture and eight (5.2%) by stool culture'; 34/154=22.1%, 8/154=5.2%, 42/154=27.3% - all resolve against 154, confirming the denominator. DO NOT use 42 as a blood numerator. Population 4,700; implied attack rate 18.4%; no deaths. Paper has several internal contradictions (Table 1 ALT >2xULN 12 < ALT >5xULN 13, impossible; ciprofloxacin n=17 in text vs n=15 in Table 2).",FALSE,"audited_blood_tested; audited_blood_positive"
"Baddam 2012a","Kelantan, Malaysia","2005",FALSE,TRUE,FALSE,"Koh 2025 exclusion: no time-series data",FALSE,"exclude from PPV modeling","not applicable",,,"not reported/retrieved","not assessable: no valid blood-culture pair",0.6536066,"0.564-0.732",,,,"Denominator: No outbreak case denominator; genomic report of strain CR0063 from an individual carrier. | Verification bias: unassessable | Simple-model assessment: not eligible | Verification-model assessment: not eligible | Recommended use: exclude | Notes: Single-isolate genome paper. The underlying Kelantan outbreak must be sourced from its primary epidemiological report.","#60","","","","","","FALSE","FALSE","","","","","","patients","one carrier isolate","","","","No outbreak case denominator; genomic report of strain CR0063 from an individual carrier.","unassessable","Zotero full text screened; see zotero_pdf","not eligible","not eligible","exclude","Baddam 2012","Single-isolate genome paper. The underlying Kelantan outbreak must be sourced from its primary epidemiological report.",FALSE,"audited_blood_tested; audited_blood_positive"
"Baddam 2012b","Kelantan, Malaysia","2005",FALSE,TRUE,FALSE,"Koh 2025 exclusion: no time-series data",FALSE,"exclude from PPV modeling","not applicable",,,"not reported/retrieved","not assessable: no valid blood-culture pair",0.6536066,"0.564-0.732",,,,"Denominator: No suspected or tested denominator. | Verification bias: unassessable | Simple-model assessment: not eligible | Verification-model assessment: not eligible | Recommended use: exclude | Notes: Genome announcement for strain BL196/05. It supplies one isolate, not outbreak-level diagnostic yield.","#61","","","","","","FALSE","FALSE","","","1","","","patients","one S. Typhi isolate","","","","No suspected or tested denominator.","unassessable","Zotero full text screened; see zotero_pdf","not eligible","not eligible","exclude","Baddam 2012","Genome announcement for strain BL196/05. It supplies one isolate, not outbreak-level diagnostic yield.",FALSE,"audited_blood_tested; audited_blood_positive"
"Batool 2022","Lyari Town, Karachi, Pakistan","2019",FALSE,TRUE,FALSE,"Koh 2025 exclusion: no time-series data",FALSE,"exclude from PPV modeling","not applicable",,,"not reported/retrieved","not assessable: no valid blood-culture pair",0.6536066,"0.564-0.732",,,,"Denominator: pi = 1 by construction | Verification bias: unassessable | Simple-model assessment: not eligible: culture-defined cases | Verification-model assessment: not eligible | Recommended use: exclude | Notes: Case-control risk-factor study, not a PPV study. Excluded on the abstract alone.","#70","82","","82","","","FALSE","FALSE","None - cases enrolled BY blood-culture confirmation","","","","","patients","blood culture","'We enrolled 82 patients with blood culture-confirmed Salmonella typhi' - culture-defined","Age-matched case-control design; cases are confirmed by definition","not assessed","pi = 1 by construction","unassessable","primary Zotero full text screened (Batool et al. - 2022 - Risk Factors Associated with Extensively Drug-Resi.pdf)","not eligible: culture-defined cases","not eligible","exclude","Batool 2022","Case-control risk-factor study, not a PPV study. Excluded on the abstract alone.",FALSE,"audited_blood_tested; audited_blood_positive"
"Blum 2014","Neno District, Malawi","2009",FALSE,TRUE,FALSE,"Koh 2025 exclusion: no time-series data",FALSE,"exclude from PPV modeling","not applicable",,,"not reported/retrieved","not assessable: no valid blood-culture pair",0.6536066,"0.564-0.732",,,,"Denominator: Qualitative interview study; no blood-culture-tested denominator. | Verification bias: unassessable | Simple-model assessment: not eligible | Verification-model assessment: not eligible | Recommended use: exclude; contextual duplicate | Notes: Useful for vaccine acceptability and care-seeking context, but it provides no original numerator/denominator suitable for PPV estimation.","#93","","","","","","FALSE","FALSE","","","","","","patients","","","","Same general outbreak setting as the Malawi outbreak reports; not an independent diagnostic-yield observation.","Qualitative interview study; no blood-culture-tested denominator.","unassessable","Zotero full text screened; see zotero_pdf","not eligible","not eligible","exclude; contextual duplicate","Malawi 2009 outbreak","Useful for vaccine acceptability and care-seeking context, but it provides no original numerator/denominator suitable for PPV estimation.",FALSE,"audited_blood_tested; audited_blood_positive"
"Chatham-Stephens 2019","United States; exposure in Pakistan","2016-2018",FALSE,TRUE,FALSE,"Koh 2025 exclusion: no time-series data",FALSE,"exclude from PPV modeling","not applicable",,,"not reported/retrieved","not assessable: no valid blood-culture pair",0.6536066,"0.564-0.732",,,,"Denominator: Confirmed cases only; no suspected traveler denominator. | Verification bias: unassessable | Simple-model assessment: not eligible | Verification-model assessment: not eligible | Recommended use: exclude | Notes: Surveillance response to the Pakistan XDR outbreak; traveler isolates cannot provide outbreak clinical-definition PPV.","#129","","","","","","FALSE","FALSE","","","","","","patients","culture-confirmed traveler cases","","","","Confirmed cases only; no suspected traveler denominator.","unassessable","Zotero full text screened; see zotero_pdf","not eligible","not eligible","exclude","Chatham-Stephens 2019","Surveillance response to the Pakistan XDR outbreak; traveler isolates cannot provide outbreak clinical-definition PPV.",FALSE,"audited_blood_tested; audited_blood_positive"
"Chua 2015","Kelantan, Malaysia","",FALSE,TRUE,FALSE,"Koh 2025 exclusion: no time-series data",FALSE,"exclude from PPV modeling","not applicable",,,"not reported/retrieved","not assessable: no valid blood-culture pair",0.6536066,"0.564-0.732",,,,"Denominator: Wrong estimand entirely: chronic carriage prevalence, not case-definition PPV | Verification bias: unassessable | Simple-model assessment: not eligible: carrier study | Verification-model assessment: not eligible | Recommended use: exclude | Notes: Chronic carriage 3.6% (4/110) among past acute typhoid cases; 9.4% (10/106) in another group. Stool-based. Not a PPV study.","#136","","","","","","FALSE","FALSE","Not an outbreak case series - a chronic-carrier registry study","","","","","patients","STOOL culture + PCR; Typhidot-C serology","Not applicable - carriage, not acute illness","Not applicable","not assessed","Wrong estimand entirely: chronic carriage prevalence, not case-definition PPV","unassessable","primary Zotero full text screened (Chua et al. - 2015 - Identification of carriers among individuals recru.pdf)","not eligible: carrier study","not eligible","exclude","Chua 2015","Chronic carriage 3.6% (4/110) among past acute typhoid cases; 9.4% (10/106) in another group. Stool-based. Not a PPV study.",FALSE,"audited_blood_tested; audited_blood_positive"
"Connerton 2000","Southern Vietnam","1993-1997",FALSE,TRUE,FALSE,"Koh 2025 exclusion: no time-series data",FALSE,"exclude from PPV modeling","not applicable",,,"not reported/retrieved","not assessable: no valid blood-culture pair",0.6536066,"0.564-0.732",,,,"Denominator: Isolate counts are not the number of patients offered blood culture; no compatible denominator. | Verification bias: unassessable | Simple-model assessment: not eligible | Verification-model assessment: not eligible | Recommended use: exclude; retrieve primary epidemiological reports if needed | Notes: Typing paper covers Kien Giang, Cai Be, Tan Thuan and District 6 outbreaks. Reported isolate counts and outbreak case totals cannot be combined into blood-culture positivity.","#142","","","","","","FALSE","FALSE","","","75","","","patients","75 S. Typhi isolates from four outbreaks","","","","Isolate counts are not the number of patients offered blood culture; no compatible denominator.","unassessable","Zotero full text screened; see zotero_pdf","not eligible","not eligible","exclude; retrieve primary epidemiological reports if needed","Connerton 2000","Typing paper covers Kien Giang, Cai Be, Tan Thuan and District 6 outbreaks. Reported isolate counts and outbreak case totals cannot be combined into blood-culture positivity.",FALSE,"audited_blood_tested; audited_blood_positive"
"Date 2014","South-East Asia and Western Pacific regions","2009-2013",FALSE,TRUE,FALSE,"Koh 2025 exclusion: no time-series data",FALSE,"exclude from PPV modeling","not applicable",,,"not reported/retrieved","not assessable: no valid blood-culture pair",0.6536066,"0.564-0.732",,,,"Denominator: Country-level surveillance summary with heterogeneous case definitions; no outbreak-specific tested denominator. | Verification bias: unassessable | Simple-model assessment: not eligible | Verification-model assessment: not eligible | Recommended use: exclude | Notes: Useful background on surveillance and laboratory capacity, not a unique outbreak observation.","#153","","","","","","FALSE","FALSE","","","","","","patients","","","","","Country-level surveillance summary with heterogeneous case definitions; no outbreak-specific tested denominator.","unassessable","Zotero full text screened; see zotero_pdf","not eligible","not eligible","exclude","Date 2014","Useful background on surveillance and laboratory capacity, not a unique outbreak observation.",FALSE,"audited_blood_tested; audited_blood_positive"
"Davies 2022","Central Division, Fiji","2012-2016",FALSE,TRUE,FALSE,"Koh 2025 exclusion: no time-series data",FALSE,"exclude from PPV modeling","not applicable",,,"not reported/retrieved","not assessable: no valid blood-culture pair",0.6536066,"0.564-0.732",,,,"Denominator: Confirmed-isolate series; number of suspected patients cultured is not reported. | Verification bias: unassessable | Simple-model assessment: not eligible | Verification-model assessment: not eligible | Recommended use: exclude | Notes: Genomic clustering can identify outbreak structure, but the paper contains no blood-culture-tested clinical denominator.","#154","","","","","","FALSE","FALSE","","","240","","","patients","240 culture-confirmed blood isolates plus 10 stool isolates used for genomics","","","","Confirmed-isolate series; number of suspected patients cultured is not reported.","unassessable","Zotero full text screened; see zotero_pdf","not eligible","not eligible","exclude","Fiji 2012-2016 genomic surveillance","Genomic clustering can identify outbreak structure, but the paper contains no blood-culture-tested clinical denominator.",FALSE,"audited_blood_tested; audited_blood_positive"
"Dhadwal 2008","School, military station, central India","2005",FALSE,TRUE,FALSE,"Koh 2025 exclusion: no time-series data",TRUE,"main model: negligible/low verification adjustment","negligible/low",0.0543478260869565,,"not reported/retrieved","no posterior-predictive conflict at maximum pi",0.6536066,"0.564-0.732",0.999999999999985,1,,"Denominator: COMPATIBLE and the best available: a stated blood-only tested count over a syndromic frame, with 93.9% coverage | Verification bias: low | Simple-model assessment: eligible: 5/92 with a stated blood-only denominator and 93.9% coverage | Verification-model assessment: candidate: lowest verification-bias risk of ANY outbreak study located in this project | Recommended use: PRIMARY NEW CANDIDATE | Notes: THE FIND. 93.9% of suspected cases blood-cultured - better coverage than all three current anchors (Aye 44.9%, Neil 9.4%, Kabwama 3.6%). Positivity 5/92 = 5.4% implies pi ~0.09 at Se_BC 0.62, FAR below Aye 0.26 / Neil 0.58 / Kabwama 0.25. TWO COMPETING EXPLANATIONS THE MODEL CANNOT SEPARATE: (a) genuinely low pi because the denominator is loose - 86/98 were 'probable' on Widal alone at 1/160 H, 1/200 O, so the frame is closer to 'febrile children admitted during an outbreak' than a typhoid syndrome; (b) antibiotic-depressed Se_BC - the authors attribute the low yield to prior antibiotic therapy. Also: the paper reports the same 5 cases as 5.43% (of 92) in the text and 5.10% (of 98) in Table 1.","#160","98","92","5","0.054","2.62","FALSE","FALSE","98 students admitted as typhoid cases during a known outbreak; active case-finding across 3,313 students","92","5","0.054","0.939","patients","BLOOD culture only (n=92), stated verbatim; Widal serology on all 98. No stool, urine or bone marrow","No standalone syndromic definition. Confirmed = fever >=3 days + positive blood culture; probable = fever >=3 days + positive serodiagnosis without isolation; possible = admitted on clinical suspicion during the outbreak. The effective frame is admission during a known outbreak","NEAR-UNIVERSAL, NOT severity-gated. All 98 were admitted to the same military hospital; all 98 had Widal; 'Ninety two blood cultures were taken' (93.9%). The paper does not say why 6 were not cultured. No severity, consent or capacity gate described","No epidemic curve printed, though the text references a time-distribution graph showing multiple peaks","COMPATIBLE and the best available: a stated blood-only tested count over a syndromic frame, with 93.9% coverage","low","primary paper reviewed (Zotero DVZCQ6W9); MJAFI 2008;64:241-242","eligible: 5/92 with a stated blood-only denominator and 93.9% coverage","candidate: lowest verification-bias risk of ANY outbreak study located in this project","PRIMARY NEW CANDIDATE","Dhadwal 2008","THE FIND. 93.9% of suspected cases blood-cultured - better coverage than all three current anchors (Aye 44.9%, Neil 9.4%, Kabwama 3.6%). Positivity 5/92 = 5.4% implies pi ~0.09 at Se_BC 0.62, FAR below Aye 0.26 / Neil 0.58 / Kabwama 0.25. TWO COMPETING EXPLANATIONS THE MODEL CANNOT SEPARATE: (a) genuinely low pi because the denominator is loose - 86/98 were 'probable' on Widal alone at 1/160 H, 1/200 O, so the frame is closer to 'febrile children admitted during an outbreak' than a typhoid syndrome; (b) antibiotic-depressed Se_BC - the authors attribute the low yield to prior antibiotic therapy. Also: the paper reports the same 5 cases as 5.43% (of 92) in the text and 5.10% (of 98) in Table 1.",FALSE,"audited_blood_tested; audited_blood_positive"
"Divyashree 2016","","",FALSE,TRUE,FALSE,"Koh 2025 exclusion: no time-series data",FALSE,"exclude from PPV modeling","not applicable",,,"not reported/retrieved","not assessable: no valid blood-culture pair",0.6536066,"0.564-0.732",,,,"Verification bias: unassessable | Simple-model assessment: not eligible | Verification-model assessment: not eligible | Recommended use: exclude | Notes: Narrative review of enteric fever in India. It contains background diagnostic-performance information but no unique outbreak observation.","#163","","","","","","FALSE","FALSE","","","","","","patients","","","","","","unassessable","Zotero full text screened; see zotero_pdf","not eligible","not eligible","exclude","Divyashree 2016","Narrative review of enteric fever in India. It contains background diagnostic-performance information but no unique outbreak observation.",FALSE,"audited_blood_tested; audited_blood_positive"
"Eshaghi 2020","Ontario, Canada; exposure in Pakistan","2018-2019",FALSE,TRUE,FALSE,"Koh 2025 exclusion: no time-series data",FALSE,"exclude from PPV modeling","not applicable",,,"not reported/retrieved","not assessable: no valid blood-culture pair",0.6536066,"0.564-0.732",,,,"Denominator: Culture-confirmed case series; no suspected denominator. | Verification bias: unassessable | Simple-model assessment: not eligible | Verification-model assessment: not eligible | Recommended use: exclude | Notes: Genomic linkage to Pakistan, not a diagnostic-yield study.","#180","","","","","","FALSE","FALSE","","","9","","","patients","9 bloodstream isolates and 1 stool isolate among 10 XDR traveler cases","","","","Culture-confirmed case series; no suspected denominator.","unassessable","Zotero full text screened; see zotero_pdf","not eligible","not eligible","exclude","Eshaghi 2020","Genomic linkage to Pakistan, not a diagnostic-yield study.",FALSE,"audited_blood_tested; audited_blood_positive"
"Farooqui 2009","Nek Muhammad village, Karachi, Pakistan","2004",FALSE,TRUE,TRUE,"Koh 2025 exclusion: no time-series data; Appiah 2020 review",FALSE,"exclude from PPV modeling","not applicable",,,"not reported/retrieved","not assessable: no valid blood-culture pair",0.6536066,"0.564-0.732",,,,"Denominator: Zero blood cultures; the 22/100 is stool positivity in an age/family quota sample, not a random subset of suspected cases | Verification bias: unassessable | Simple-model assessment: not eligible: no blood culture performed | Verification-model assessment: not eligible | Recommended use: exclude | Notes: STOOL ONLY (22/100). Carries the single most explicit statement of the culture-selection mechanism in the whole review: blood culture was abandoned for CONSENT and PRIOR ANTIBIOTICS, not severity. Quotable evidence for the verification-bias section even though the study itself is unusable.","#184","300","0","0","","60","FALSE","FALSE","250 interviewed of >300 symptomatic; 100 purposively selected for stool","","","","","patients","STOOL culture only; blood culture explicitly declined","Temperature >38 C since outbreak onset, abdominal discomfort, diarrhea, vomiting and weakness","Explicit purposive quota: '100 patients for stool sample collection who belonged to different age groups and families'. Blood declined because 'majority of patients were not ready to participate in blood sample collection' and because of prior antibiotics","Daily curve of symptom percentages (Fig 1, n=300); percentages not counts","Zero blood cultures; the 22/100 is stool positivity in an age/family quota sample, not a random subset of suspected cases","unassessable","primary paper reviewed (Zotero 7T9VLV9Y)","not eligible: no blood culture performed","not eligible","exclude","Farooqui 2009","STOOL ONLY (22/100). Carries the single most explicit statement of the culture-selection mechanism in the whole review: blood culture was abandoned for CONSENT and PRIOR ANTIBIOTICS, not severity. Quotable evidence for the verification-bias section even though the study itself is unusable.",FALSE,"audited_blood_tested; audited_blood_positive"
"Galgallo 2018","Moyale Sub-County, Marsabit, Kenya","2014-2015",FALSE,TRUE,TRUE,"Koh 2025 exclusion: no time-series data; Appiah 2020 review",FALSE,"exclude from PPV modeling","not applicable",,,"not reported/retrieved","not assessable: no valid blood-culture pair",0.6536066,"0.564-0.732",,,,"Denominator: Zero blood cultures, so no blood denominator exists at any level | Verification bias: unassessable | Simple-model assessment: not eligible: no blood culture performed | Verification-model assessment: not eligible | Recommended use: exclude | Notes: STOOL ONLY. 71/188 'showed growth' - the paper never states the organism was S. Typhi. Authors distrust their own results: 'the overall culture results are suspect because of rampant self-medication with antibiotics'. Would be miscoded if placed in any blood-culture stratum.","#199","317","0","0","","","FALSE","FALSE","317 suspected; 188 (59%) submitted a stool specimen","","","","","patients","STOOL culture only; no blood culture performed. Widal serology on all 317","Any patient presenting with clinical signs and symptoms consistent with typhoid fever, including headache, fever, stomach pains, diarrhea, or chronic constipation","Self-selection by specimen submission: 188 of 317 'submitted a stool specimen suitable for culture'. No severity, serology or consent criterion stated; the paper does not explain the other 129","No epidemic curve; no figure or table of cases over time","Zero blood cultures, so no blood denominator exists at any level","unassessable","primary paper reviewed (Zotero GJYYBQMR)","not eligible: no blood culture performed","not eligible","exclude","Galgallo 2018","STOOL ONLY. 71/188 'showed growth' - the paper never states the organism was S. Typhi. Authors distrust their own results: 'the overall culture results are suspect because of rampant self-medication with antibiotics'. Would be miscoded if placed in any blood-culture stratum.",FALSE,"audited_blood_tested; audited_blood_positive"
"Getahun Strobel 2021","Fiji (Central, Northern, Western Divisions)","2016",FALSE,TRUE,FALSE,"Koh 2025 exclusion: no time-series data",FALSE,"exclude from PPV modeling","not applicable",0.392,,"not reported/retrieved","no posterior-predictive conflict at maximum pi",0.6536066,"0.564-0.732",0.999114698422228,0.999713144300998,,"Denominator: pi = 1 by construction. The apparent 49/125 = 39.2% positivity is an artifact of the fixed 49:76 case:control design and must NOT be used | Verification bias: unassessable | Simple-model assessment: not eligible: culture-defined cases in a design-fixed ratio | Verification-model assessment: not eligible | Recommended use: exclude, but retain for two secondary numbers | Notes: SECONDARY VALUE despite being ineligible. (1) RDT accuracy vs blood culture: TUBEX Se 77.6/Sp 60.5; Typhidot Rapid 75.5/85.5; Test-It 57.1/93.4 - directly relevant to any future serology-informed PPV layer. (2) Cites background blood-culture positivity in Fiji health facilities = 20% (MHMS 2016 CWMH Pathology report), a facility-level positivity that could inform an endemic-surveillance prior.","#206","","125","49","","","FALSE","FALSE","None - a designed case-control sample, not a consecutive series","125","49","","","patients","blood culture (reference standard); RDTs on stored serum","No syndromic definition. Cases were blood-culture-confirmed typhoid; controls were febrile patients in four pre-specified diagnostic groups","Retrospective selection of archived sera by KNOWN diagnosis. The authors concede: 'the design with previously collected cases and controls, rather than consecutive patients presenting with fever'","No epidemic curve","pi = 1 by construction. The apparent 49/125 = 39.2% positivity is an artifact of the fixed 49:76 case:control design and must NOT be used","unassessable","primary paper reviewed (Zotero GZKSXPCW); Am J Trop Med Hyg 2021;106:543-549","not eligible: culture-defined cases in a design-fixed ratio","not eligible","exclude, but retain for two secondary numbers","Getahun Strobel 2021","SECONDARY VALUE despite being ineligible. (1) RDT accuracy vs blood culture: TUBEX Se 77.6/Sp 60.5; Typhidot Rapid 75.5/85.5; Test-It 57.1/93.4 - directly relevant to any future serology-informed PPV layer. (2) Cites background blood-culture positivity in Fiji health facilities = 20% (MHMS 2016 CWMH Pathology report), a facility-level positivity that could inform an endemic-surveillance prior.",FALSE,"audited_blood_tested; audited_blood_positive"
"Ghosn 2008","Lebanon","2001-2007",FALSE,TRUE,FALSE,"Koh 2025 exclusion: no time-series data",FALSE,"exclude from PPV modeling","not applicable",,,"not reported/retrieved","not assessable: no valid blood-culture pair",0.6536066,"0.564-0.732",,,,"Denominator: National electronic surveillance methods paper spanning multiple diseases; no typhoid outbreak testing frame. | Verification bias: unassessable | Simple-model assessment: not eligible | Verification-model assessment: not eligible | Recommended use: exclude | Notes: No outbreak-level blood-culture numerator/denominator pair is reported.","#209","","","","","","FALSE","FALSE","","","","","","patients","","","","","National electronic surveillance methods paper spanning multiple diseases; no typhoid outbreak testing frame.","unassessable","Zotero full text screened; see zotero_pdf","not eligible","not eligible","exclude","Ghosn 2008","No outbreak-level blood-culture numerator/denominator pair is reported.",FALSE,"audited_blood_tested; audited_blood_positive"
"Hancock-Allen 2016","Weld County, Colorado, USA","2015",FALSE,TRUE,TRUE,"Koh 2025 exclusion: no time-series data; Appiah 2020 review",FALSE,"exclude from PPV modeling","not applicable",,,"not reported/retrieved","not assessable: no valid blood-culture pair",0.6536066,"0.564-0.732",,,,"Denominator: Case ascertainment begins with culture confirmation; no independently defined suspected denominator. | Verification bias: unassessable | Simple-model assessment: exclude: n<20 | Verification-model assessment: exclude: n<20 | Recommended use: exclude | Notes: Three-patient outbreak linked to an asymptomatic food worker. Too small and confirmation-defined.","#234","3","","","","","FALSE","FALSE","Three culture-confirmed restaurant-associated patients; carrier investigation separate","","3","","","patients","patient isolates; employee screening used stool/rectal swabs","not assessed","not assessed","not assessed","Case ascertainment begins with culture confirmation; no independently defined suspected denominator.","unassessable","primary Zotero full text screened (Hancock-Allen et al. - 2016 - Notes from the Field Typhoid Fever Outbreak Assoc.pdf)","exclude: n<20","exclude: n<20","exclude","Hancock-Allen 2016","Three-patient outbreak linked to an asymptomatic food worker. Too small and confirmation-defined.",FALSE,"audited_blood_tested; audited_blood_positive"
"Hancuh 2023","Worldwide","2018-2022",FALSE,TRUE,FALSE,"Koh 2025 exclusion: no time-series data",FALSE,"exclude from PPV modeling","not applicable",,,"not reported/retrieved","not assessable: no valid blood-culture pair",0.6536066,"0.564-0.732",,,,"Denominator: Global surveillance and outbreak summary; no unique suspected/testing frame. | Verification bias: unassessable | Simple-model assessment: not eligible | Verification-model assessment: not eligible | Recommended use: exclude | Notes: Use as policy or burden context only, not as an outbreak PPV observation.","#235","","","","","","FALSE","FALSE","","","","","","patients","","","","","Global surveillance and outbreak summary; no unique suspected/testing frame.","unassessable","Zotero full text screened; see zotero_pdf","not eligible","not eligible","exclude","Hancuh 2023","Use as policy or burden context only, not as an outbreak PPV observation.",FALSE,"audited_blood_tested; audited_blood_positive"
"Hao 2020","California, USA; exposure in Pakistan","2020",FALSE,TRUE,FALSE,"Koh 2025 exclusion: no time-series data",FALSE,"exclude from PPV modeling","not applicable",1,,"not reported/retrieved","no posterior-predictive conflict at maximum pi",0.6536066,"0.564-0.732",0.651482789603333,0.712838710723333,,"Denominator: Single confirmed traveler; no suspected denominator. | Verification bias: critical | Simple-model assessment: not eligible | Verification-model assessment: not eligible | Recommended use: exclude | Notes: Genome announcement for one XDR isolate.","#236","","","","","","FALSE","FALSE","","1","1","1","","patients","single blood isolate","","","","Single confirmed traveler; no suspected denominator.","critical","Zotero full text screened; see zotero_pdf","not eligible","not eligible","exclude","Hao 2020","Genome announcement for one XDR isolate.",FALSE,"audited_blood_tested; audited_blood_positive"
"Hooda 2019","Bangladesh","2009-2016",FALSE,TRUE,FALSE,"Koh 2025 exclusion: no time-series data",FALSE,"exclude from PPV modeling","not applicable",,,"not reported/retrieved","not assessable: no valid blood-culture pair",0.6536066,"0.564-0.732",,,,"Denominator: Total febrile children cultured is not the analytic denominator; isolates were selected for resistance analysis. | Verification bias: unassessable | Simple-model assessment: not eligible | Verification-model assessment: not eligible | Recommended use: exclude | Notes: Not an outbreak-specific suspected-case series.","#253","","","","","","FALSE","FALSE","","","1082","","","patients","1,082 typhoidal Salmonella isolates from passive pediatric surveillance","","","","Total febrile children cultured is not the analytic denominator; isolates were selected for resistance analysis.","unassessable","Zotero full text screened; see zotero_pdf","not eligible","not eligible","exclude","Hooda 2019","Not an outbreak-specific suspected-case series.",FALSE,"audited_blood_tested; audited_blood_positive"
"Iseri 2009","Battalgazi, Malatya, Turkey","2003",FALSE,TRUE,FALSE,"Koh 2025 exclusion: no time-series data",FALSE,"exclude from PPV modeling","not applicable",,,"not reported/retrieved","not assessable: no valid blood-culture pair",0.6536066,"0.564-0.732",,,,"Denominator: The ten are all culture-positive; the number tested is absent. | Verification bias: critical | Simple-model assessment: not eligible: n=10 | Verification-model assessment: not eligible | Recommended use: exclude | Notes: Do not interpret 7/10 as blood-culture positivity: the denominator mixes blood-positive and stool-positive confirmed cases.","#261","10","","","","","FALSE","FALSE","Ten culture-positive persons detected over two days; no independent suspect series","","7","","","patients","7 blood isolates and 3 stool isolates","Culture-positive persons identified by the microbiology laboratory","not assessed","not assessed","The ten are all culture-positive; the number tested is absent.","critical","primary Zotero full text screened (Iseri et al. - 2009 - Investigation of an outbreak of Salmonella Typhi i.pdf)","not eligible: n=10","not eligible","exclude","Iseri 2009","Do not interpret 7/10 as blood-culture positivity: the denominator mixes blood-positive and stool-positive confirmed cases.",FALSE,"audited_blood_tested; audited_blood_positive"
"Johnston 2023","Nursing School, Malosa, Malawi","2016",FALSE,TRUE,FALSE,"Koh 2025 exclusion: no time-series data",FALSE,"exclude from PPV modeling","not applicable",,,"not reported/retrieved","not assessable: no valid blood-culture pair",0.6536066,"0.564-0.732",,,,"Denominator: DENOMINATOR MISMATCH: the 9 blood-culture-confirmed cases were hospital presenters traced across a primary school, a secondary school AND the nursing school - they are not a subset of the 101. 9/101 would be an invalid PPV | Verification bias: unassessable | Simple-model assessment: not eligible: numerator and denominator are from different populations | Verification-model assessment: not eligible | Recommended use: exclude, but retain for the antibiotic finding | Notes: CARRIES THE MOST IMPORTANT SIDE-FINDING IN THIS AUDIT: 140/156 (90%) of suspected-typhoid participants had received antibiotics versus 16/212 (7.5%) of non-cases - a 12-fold difference. This quantifies S9 limitation 4 (prior antimicrobial use depresses Se_BC in outbreak settings) with real data. Follow-up recovered ZERO S. Typhi from 49 stool cultures.","#274","101","","9","","24.8","FALSE","FALSE","101/407 nursing-school residents met the clinical case definition for probable typhoid - a clean syndromic frame - but the 9 confirmed cases come from a DIFFERENT, wider population","","","","","patients","acute phase: blood culture (count of tested NOT reported); follow-up: stool culture + PCR + serology only","Acute definition not printed; the paper says residents 'met the clinical case definition for probable typhoid fever' without stating it. Follow-up used WHO suspected typhoid (self-reported fever >=3 days)","Acute: not reported. Follow-up stool sampling was deliberately non-random - participants in the top and bottom 10% of anti-Vi IgG were approached","No epidemic curve","DENOMINATOR MISMATCH: the 9 blood-culture-confirmed cases were hospital presenters traced across a primary school, a secondary school AND the nursing school - they are not a subset of the 101. 9/101 would be an invalid PPV","unassessable","primary paper reviewed (Zotero XCZ6SHKN); BMC Infect Dis 2023;23:416","not eligible: numerator and denominator are from different populations","not eligible","exclude, but retain for the antibiotic finding","Johnston 2023","CARRIES THE MOST IMPORTANT SIDE-FINDING IN THIS AUDIT: 140/156 (90%) of suspected-typhoid participants had received antibiotics versus 16/212 (7.5%) of non-cases - a 12-fold difference. This quantifies S9 limitation 4 (prior antimicrobial use depresses Se_BC in outbreak settings) with real data. Follow-up recovered ZERO S. Typhi from 49 stool cultures.",FALSE,"audited_blood_tested; audited_blood_positive"
"Kamal 2023","Pakistan","2018-2020",FALSE,TRUE,FALSE,"Koh 2025 exclusion: no time-series data",FALSE,"exclude from PPV modeling","not applicable",,,"not reported/retrieved","not assessable: no valid blood-culture pair",0.6536066,"0.564-0.732",,,,"Denominator: Resistance-selected confirmed-isolate series; no suspected denominator. | Verification bias: unassessable | Simple-model assessment: not eligible | Verification-model assessment: not eligible | Recommended use: exclude | Notes: Genomic diversity study within the continuing Pakistan XDR outbreak.","#279","","","","","","FALSE","FALSE","","","58","","","patients","58 ceftriaxone-resistant S. Typhi clinical isolates","","","","Resistance-selected confirmed-isolate series; no suspected denominator.","unassessable","Zotero full text screened; see zotero_pdf","not eligible","not eligible","exclude","Kamal 2023","Genomic diversity study within the continuing Pakistan XDR outbreak.",FALSE,"audited_blood_tested; audited_blood_positive"
"Kariuki 2004","Three regions, Kenya","2004",FALSE,TRUE,FALSE,"Koh 2025 exclusion: no time-series data",FALSE,"exclude from PPV modeling","not applicable",,,"not reported/retrieved","not assessable: no valid blood-culture pair",0.6536066,"0.564-0.732",,,,"Denominator: No denominator of any kind | Verification bias: unassessable | Simple-model assessment: not eligible: isolate series | Verification-model assessment: not eligible | Recommended use: exclude | Notes: Molecular characterisation of 102 isolates from Kenyan outbreaks. No case series, no denominator.","#284","","","102","","","FALSE","FALSE","None - an isolate series","","","","","patients","isolates only","None; 102 S. Typhi isolates characterised by susceptibility, plasmid analysis and PFGE","Not applicable - isolates, not patients","not assessed","No denominator of any kind","unassessable","primary Zotero full text screened (Kariuki et al. - 2004 - Characterization of multidrug-resistant typhoid ou.pdf)","not eligible: isolate series","not eligible","exclude","Kariuki 2004","Molecular characterisation of 102 isolates from Kenyan outbreaks. No case series, no denominator.",FALSE,"audited_blood_tested; audited_blood_positive"
"Kato 2007","Tokyo, Japan (exposure: Dhaka, Bangladesh)","2004",FALSE,TRUE,FALSE,"Koh 2025 exclusion: no time-series data",FALSE,"sensitivity analysis only","not applicable",0.75,,"not reported/retrieved","no posterior-predictive conflict at maximum pi",0.6536066,"0.564-0.732",0.437466827117757,0.585296133412209,,"Denominator: Syndromic frame is defined independently of culture - rare and valuable - but blood_tested=8 is INFERRED from the probable-case wording, not reported | Verification bias: low | Simple-model assessment: not eligible under the n>=20 rule (n=8) | Verification-model assessment: candidate on structure, fails on size | Recommended use: sensitivity only: returning-traveler point-source estimand; small n handled by likelihood | Notes: 6/8 = 75%. Returning-traveler cohort of 13 (attack rate 62%), non-endemic host population, point-source - a different estimand from endemic community surveillance. Structurally clean but tiny.","#287","8","8","6","0.75","62","FALSE","FALSE","8 tour participants with fever >38 C for >3 days, defined independently of culture","8","6","0.75","1","patients","BLOOD culture only; stool mentioned only post-treatment for carriage","Confirmed = fever >38 C for >3 days AND a positive blood culture for S. Typhi; probable = fever >38 C for >3 days WITHOUT isolation of S. Typhi","Not reported. All 8 were admitted across 5 Tokyo hospitals. The 'probable' definition ('without isolation') implies culture was attempted and failed, but this is never stated","No figure, but the table is a full line list with individual onset dates","Syndromic frame is defined independently of culture - rare and valuable - but blood_tested=8 is INFERRED from the probable-case wording, not reported","low","primary paper reviewed (Zotero B5JQCPES); Emerg Infect Dis 2007;13:1954-1955","not eligible under the n>=20 rule (n=8)","candidate on structure, fails on size","sensitivity only: returning-traveler point-source estimand; small n handled by likelihood","Kato 2007","6/8 = 75%. Returning-traveler cohort of 13 (attack rate 62%), non-endemic host population, point-source - a different estimand from endemic community surveillance. Structurally clean but tiny.",FALSE,"audited_blood_tested; audited_blood_positive"
"Katz 2002","Florida, USA","1998-1999",FALSE,TRUE,TRUE,"Koh 2025 exclusion: no time-series data; Appiah 2020 review",FALSE,"exclude from PPV modeling","not applicable",,,"not reported/retrieved","not assessable: no valid blood-culture pair",0.6536066,"0.564-0.732",,,,"Denominator: Specimen-specific tested and positive counts are not reported; case finding is confirmation-driven. | Verification bias: critical | Simple-model assessment: not eligible | Verification-model assessment: not eligible | Recommended use: exclude | Notes: The 15/16 confirmation fraction is not blood-culture positivity and must not enter the PPV model.","#288","16","","","","","FALSE","FALSE","15 confirmed and 1 probable case identified through surveillance","","","","","patients","stool, blood or urine culture pooled in the confirmed-case definition","","","","Specimen-specific tested and positive counts are not reported; case finding is confirmation-driven.","critical","Zotero full text screened; see zotero_pdf","not eligible","not eligible","exclude","Katz 2002","The 15/16 confirmation fraction is not blood-culture positivity and must not enter the PPV model.",FALSE,"audited_blood_tested; audited_blood_positive"
"Keddy 2016","South Africa (nationwide)","2003-2013",FALSE,TRUE,FALSE,"Koh 2025 exclusion: no time-series data",FALSE,"exclude from PPV modeling","not applicable",,,"not reported/retrieved","not assessable: no valid blood-culture pair",0.6536066,"0.564-0.732",,,,"Denominator: pi = 1 by construction: only confirmed cases enter | Verification bias: unassessable | Simple-model assessment: not eligible: confirmed-case surveillance | Verification-model assessment: not eligible | Recommended use: exclude | Notes: Incidence and mortality in an endemic HIV setting. No syndromic denominator.","#294","","","","","","FALSE","FALSE","None - surveillance for CULTURE-CONFIRMED typhoid only","","","","","patients","blood culture (confirmed cases only)","Nationwide active laboratory-based surveillance for culture-confirmed typhoid fever","Confirmed-case surveillance; no suspected frame captured","not assessed","pi = 1 by construction: only confirmed cases enter","unassessable","primary Zotero full text screened (Keddy et al. - 2016 - Typhoid Fever in South Africa in an Endemic HIV Se.pdf)","not eligible: confirmed-case surveillance","not eligible","exclude","Keddy 2016","Incidence and mortality in an endemic HIV setting. No syndromic denominator.",FALSE,"audited_blood_tested; audited_blood_positive"
"Khaliq 2021","Asia and Africa","1965-2019",FALSE,TRUE,FALSE,"Koh 2025 exclusion: no time-series data",FALSE,"exclude from PPV modeling","not applicable",,,"not reported/retrieved","not assessable: no valid blood-culture pair",0.6536066,"0.564-0.732",,,,"Denominator: Systematic review of outbreak definitions/toolkits, not a primary outbreak series. | Verification bias: unassessable | Simple-model assessment: not eligible | Verification-model assessment: not eligible | Recommended use: exclude | Notes: Potential source-discovery resource; extract primary reports rather than treating the review as an observation.","#298","","","","","","FALSE","FALSE","","","","","","patients","","","","","Systematic review of outbreak definitions/toolkits, not a primary outbreak series.","unassessable","Zotero full text screened; see zotero_pdf","not eligible","not eligible","exclude","Khaliq 2021","Potential source-discovery resource; extract primary reports rather than treating the review as an observation.",FALSE,"audited_blood_tested; audited_blood_positive"
"Kobayashi 2016","Tokyo, Japan","2014",FALSE,TRUE,TRUE,"Koh 2025 exclusion: no time-series data; Appiah 2020 review",FALSE,"exclude from PPV modeling","not applicable",1,,"not reported/retrieved","posterior-predictive conflict at 5 mL reference (upper-tail p<0.05)",0.6536066,"0.564-0.732",0.0382221606848366,0.0772652771009809,,"Denominator: Confirmation-defined denominator; 8/8 is not PPV among independently ascertained suspects. | Verification bias: critical | Simple-model assessment: exclude: n<20 | Verification-model assessment: exclude: n<20 | Recommended use: exclude | Notes: Complete culture among reported cases does not overcome incorporation bias because the case series itself is defined by positive culture.","#307","8","","","","","FALSE","FALSE","Eight outbreak-linked culture-positive patients, including the index food handler","8","8","1","1","patients","blood culture in all eight reported patients","Patients entered the report after blood-culture confirmation","not assessed","not assessed","Confirmation-defined denominator; 8/8 is not PPV among independently ascertained suspects.","critical","primary Zotero full text screened (Kobayashi et al. - 2016 - Case Report An Outbreak of Food-Borne Typhoid Fev.pdf)","exclude: n<20","exclude: n<20","exclude","Kobayashi 2016","Complete culture among reported cases does not overcome incorporation bias because the case series itself is defined by positive culture.",FALSE,"audited_blood_tested; audited_blood_positive"
"Laval 2015","Colonial Chile","historical",FALSE,TRUE,FALSE,"Koh 2025 exclusion: no time-series data",FALSE,"exclude from PPV modeling","not applicable",,,"not reported/retrieved","not assessable: no valid blood-culture pair",0.6536066,"0.564-0.732",,,,"Denominator: Historical narrative, outside the modern outbreak and diagnostic period. | Verification bias: unassessable | Simple-model assessment: not eligible | Verification-model assessment: not eligible | Recommended use: exclude | Notes: No modern blood-culture observation.","#328","","","","","","FALSE","FALSE","","","","","","patients","","","","","Historical narrative, outside the modern outbreak and diagnostic period.","unassessable","Zotero full text screened; see zotero_pdf","not eligible","not eligible","exclude","Laval 2015","No modern blood-culture observation.",FALSE,"audited_blood_tested; audited_blood_positive"
"Loharikar 2012","Nevada, California and Oregon, USA","2010",FALSE,TRUE,TRUE,"Koh 2025 exclusion: no time-series data; Appiah 2020 review",FALSE,"exclude from PPV modeling","not applicable",,,"not reported/retrieved","not assessable: no valid blood-culture pair",0.6536066,"0.564-0.732",,,,"Denominator: Culture-confirmed case definition and no number of clinically suspected persons tested. | Verification bias: critical | Simple-model assessment: not assessed | Verification-model assessment: not assessed | Recommended use: exclude | Notes: All 12 are confirmation-defined PulseNet cases; there is no blood-culture-tested suspect denominator.","#351","12","","","","","FALSE","FALSE","Twelve cases defined by recovery of the outbreak S. Typhi strain","","","","","patients","positive clinical specimens; patient specimen types not disaggregated","Illness with a specimen yielding the outbreak strain","not assessed","not assessed","Culture-confirmed case definition and no number of clinically suspected persons tested.","critical","primary Zotero full text screened (Loharikar et al. - 2012 - Typhoid fever outbreak associated with frozen mame.pdf)","not assessed","not assessed","exclude","Loharikar 2012","All 12 are confirmation-defined PulseNet cases; there is no blood-culture-tested suspect denominator.",FALSE,"audited_blood_tested; audited_blood_positive"
"Mirembe 2019","Kasese District, Uganda","2013-2015",FALSE,TRUE,FALSE,"Koh 2025 exclusion: no time-series data",FALSE,"exclude from PPV modeling","not applicable",,,"not reported/retrieved","not assessable: no valid blood-culture pair",0.6536066,"0.564-0.732",,,,"Denominator: Testing routes are pooled and counts cultured/positive by blood are absent. | Verification bias: critical | Simple-model assessment: not eligible | Verification-model assessment: not eligible | Recommended use: exclude | Notes: The hospital dataset is useful for spatial epidemiology but cannot yield blood-culture PPV.","#398","134","","","","","FALSE","FALSE","134 hospital records requiring compatible symptoms plus blood culture or Widal confirmation","","","","","patients","blood culture or Widal, not disaggregated","Clinical symptoms plus either blood-culture or Widal evidence","","","Testing routes are pooled and counts cultured/positive by blood are absent.","critical","Zotero full text screened; see zotero_pdf","not eligible","not eligible","exclude","Mirembe 2019","The hospital dataset is useful for spatial epidemiology but cannot yield blood-culture PPV.",FALSE,"audited_blood_tested; audited_blood_positive"
"Misra 2005","Mumbai military garrison, India","2000",FALSE,TRUE,FALSE,"Koh 2025 exclusion: no time-series data",FALSE,"sensitivity analysis only","not applicable",0.613333333333333,,"not reported/retrieved","no posterior-predictive conflict at maximum pi",0.6536066,"0.564-0.732",0.753224363247163,0.93525535925467,,"Denominator: Compatible within the admitted clinical frame, but not representative of all community suspects. | Verification bias: moderate within admitted frame; high for community transport | Simple-model assessment: eligible on counts (92/150) | Verification-model assessment: candidate with explicit severity-selection caveat | Recommended use: sensitivity only (hospital-admitted denominator) | Notes: New numeric observation. Blood positivity is 92/150=61.3%, not the Widal-positive 83/150. The very high yield and admission gate make it unsuitable as a general community PPV anchor.","#401","150","150","92","0.613","","FALSE","FALSE","150 admitted patients with typical clinical features of enteric fever during the outbreak","150","92","0.613","1","patients","blood culture; Widal reported separately; three additional bone-marrow confirmations mentioned","Typical clinical presentation in an epidemic setting; all patients had more than eight days of fever","Hospital-admission and clinical-suspicion gate; testing of all 150 is inferred from the reported 92/150 percentage and methods wording","Single November-December 2000 garrison outbreak","Compatible within the admitted clinical frame, but not representative of all community suspects.","moderate within admitted frame; high for community transport","primary full text reviewed (Zotero H4FGW7L2)","eligible on counts (92/150)","candidate with explicit severity-selection caveat","sensitivity only (hospital-admitted denominator)","Misra 2005 Mumbai garrison","New numeric observation. Blood positivity is 92/150=61.3%, not the Widal-positive 83/150. The very high yield and admission gate make it unsuitable as a general community PPV anchor.",FALSE,"audited_blood_tested; audited_blood_positive"
"Mweu 2008","Africa","",FALSE,TRUE,FALSE,"Koh 2025 exclusion: no time-series data",FALSE,"exclude from PPV modeling","not applicable",,,"not reported/retrieved","not assessable: no valid blood-culture pair",0.6536066,"0.564-0.732",,,,"Denominator: Review of pediatric typhoid epidemiology and clinical features; no unique outbreak testing frame. | Verification bias: unassessable | Simple-model assessment: not eligible | Verification-model assessment: not eligible | Recommended use: exclude | Notes: Use cited primary studies for any diagnostic-yield data.","#416","","","","","","FALSE","FALSE","","","","","","patients","","","","","Review of pediatric typhoid epidemiology and clinical features; no unique outbreak testing frame.","unassessable","Zotero full text screened; see zotero_pdf","not eligible","not eligible","exclude","Mweu 2008","Use cited primary studies for any diagnostic-yield data.",FALSE,"audited_blood_tested; audited_blood_positive"
"Nizamuddin 2021","Pakistan","2017-2019",FALSE,TRUE,FALSE,"Koh 2025 exclusion: no time-series data",FALSE,"exclude from PPV modeling","not applicable",,,"not reported/retrieved","not assessable: no valid blood-culture pair",0.6536066,"0.564-0.732",,,,"Denominator: No total suspected patients or blood cultures submitted; resistance proportions use confirmed S. Typhi as denominator. | Verification bias: unassessable | Simple-model assessment: not eligible | Verification-model assessment: not eligible | Recommended use: exclude | Notes: Laboratory surveillance of the continuing XDR outbreak, not a clinical PPV observation.","#429","","","","","","FALSE","FALSE","","","","","","patients","blood-culture-confirmed S. Typhi cases from a laboratory network","","","","No total suspected patients or blood cultures submitted; resistance proportions use confirmed S. Typhi as denominator.","unassessable","Zotero full text screened; see zotero_pdf","not eligible","not eligible","exclude","Nizamuddin 2021","Laboratory surveillance of the continuing XDR outbreak, not a clinical PPV observation.",FALSE,"audited_blood_tested; audited_blood_positive"
"Olaru 2019","Harare, Zimbabwe","2018-2019",FALSE,TRUE,FALSE,"Koh 2025 exclusion: no time-series data",FALSE,"sensitivity analysis only","not applicable",0.18141592920354,,"not reported/retrieved","no posterior-predictive conflict at maximum pi",0.6536066,"0.564-0.732",0.999999999729012,0.99999999999929,,"Denominator: Numerator and denominator align for blood-culture yield, but the target is febrile attendees rather than suspected typhoid cases. | Verification bias: moderate; major target-population mismatch | Simple-model assessment: eligible as febrile blood-culture yield, not as clinical-definition PPV | Verification-model assessment: candidate only in a broad-fever structural sensitivity analysis | Recommended use: sensitivity only (broad febrile frame) | Notes: New numeric observation. Pre-vaccination total is reconstructed exactly: 23/109 children + 18/117 adults = 41/226 (18.1%). Across all periods the correspondence reports 61/316; post-vaccination is 20/90 and should not be pooled with the pre-vaccination outbreak frame.","#432","226","226","41","0.181","","FALSE","FALSE","226 pre-vaccination blood cultures from febrile children and adults enrolled at Harare health facilities","226","41","0.181","","blood cultures (patient uniqueness not stated in the correspondence)","automated blood culture; children 23/109 and adults 18/117 before vaccination","FIEBRE participants presenting with fever; broader than a suspected-typhoid clinical definition","Health-facility attendance and FIEBRE study enrollment; the correspondence does not give the full enrollment denominator or eligibility details","Pre-vaccination subset during an ongoing outbreak; post-vaccination results were 20/90 overall","Numerator and denominator align for blood-culture yield, but the target is febrile attendees rather than suspected typhoid cases.","moderate; major target-population mismatch","primary correspondence reviewed (Zotero HNACSRKC)","eligible as febrile blood-culture yield, not as clinical-definition PPV","candidate only in a broad-fever structural sensitivity analysis","sensitivity only (broad febrile frame)","Harare FIEBRE 2018-2019","New numeric observation. Pre-vaccination total is reconstructed exactly: 23/109 children + 18/117 adults = 41/226 (18.1%). Across all periods the correspondence reports 61/316; post-vaccination is 20/90 and should not be pooled with the pre-vaccination outbreak frame.",FALSE,"audited_blood_tested; audited_blood_positive"
"Olsen 2001","Republic of Nauru","1998-1999",FALSE,TRUE,TRUE,"Koh 2025 exclusion: no time-series data; Appiah 2020 review",FALSE,"exclude from PPV modeling","not applicable",,,"not reported/retrieved","not assessable: no valid blood-culture pair",0.6536066,"0.564-0.732",,,,"Denominator: The 19 is ANY-specimen tested, not blood; a blood-tested denominator is absent. Only 9 of 50 clinical cases would have been blood-confirmed | Verification bias: high | Simple-model assessment: not eligible: tested denominator is any-specimen, not blood | Verification-model assessment: not eligible | Recommended use: exclude | Notes: ALL 19 TESTED WERE POSITIVE (100% positivity, no test-negatives reported). That is diagnostic of non-systematic ascertainment: a systematically cultured suspect series would produce negatives. This is the clearest empirical illustration of the proposed exclusion rule (positivity >= Se_BC is unattainable for any admissible pi). No vaccination occurred; Vi appears only in a hypothetical cost model.","#436","50","19","9","","0.5","FALSE","FALSE","50 met the clinical case definition; 19 had ANY specimen tested, 31 had none","","9","","0.38","patients","blood, stool and urine pooled in the confirmed definition; blood-specific positives reported separately (9 of 19)","Fever for >=3 days since 1 Oct 1998 plus >=1 of chills, sweats, headache, anorexia, malaise, weakness, diarrhoea, constipation, abdominal pain, cough, vomiting, in a resident of Nauru","Not reported as a clinical rule. Case-finding was retrospective and lab-record-driven: entry was via a positive culture OR a Widal screening record OR Typhoid-Committee recall, so the tested group is by construction the group that reached laboratory attention","Monthly epidemic curve available (Fig 1, 7 bars, confirmed vs clinical)","The 19 is ANY-specimen tested, not blood; a blood-tested denominator is absent. Only 9 of 50 clinical cases would have been blood-confirmed","high","primary paper reviewed (Zotero L4NVG5MI)","not eligible: tested denominator is any-specimen, not blood","not eligible","exclude","Olsen 2001","ALL 19 TESTED WERE POSITIVE (100% positivity, no test-negatives reported). That is diagnostic of non-systematic ascertainment: a systematically cultured suspect series would produce negatives. This is the clearest empirical illustration of the proposed exclusion rule (positivity >= Se_BC is unattainable for any admissible pi). No vaccination occurred; Vi appears only in a hypothetical cost model.",FALSE,"audited_blood_tested; audited_blood_positive"
"Pradier 2000","Utelle, Alpes-Maritimes, France","1997",FALSE,TRUE,TRUE,"Koh 2025 exclusion: no time-series data; Appiah 2020 review",FALSE,"sensitivity analysis only","not applicable",0.461538461538462,,"not reported/retrieved","no posterior-predictive conflict at maximum pi",0.6536066,"0.564-0.732",0.971083065961424,0.991790536078321,,"Denominator: Blood denominator is INFERRED (12 positive + 2 stool-only + 1 Widal-only + 11 probable with negative blood = 26), not stated verbatim. Frame is admitted patients, not community suspected cases | Verification bias: high | Simple-model assessment: eligible on counts (12/26) but the denominator is severity-selected | Verification-model assessment: candidate with explicit severity-selection mechanism | Recommended use: sensitivity only (hospital-admitted denominator) | Notes: Blood-only 12/26 = 46.2%; the pooled 15/26 (blood+stool+Widal) must NOT be used as a blood numerator. The 250 uncultured symptomatic callers are the community pool, so the true community PPV would be far lower - this is an upper bound. 3 of 26 were admitted outside the Nice catchment, so testing practice was not uniform. Banquet cohort of 350.","#460","26","26","12","0.462","","FALSE","FALSE","26 patients ADMITTED TO HOSPITAL with symptoms suggesting typhoid; 250 symptomatic community members never cultured","26","12","0.462","1","patients","blood AND stool AND Widal; the 12/26 blood-only split is separately reported","No suspected definition; the frame is 26 hospital admissions with symptoms suggesting typhoid after staying in Utelle 14-18 Aug 1997","SEVERITY/ADMISSION GATE. The denominator is hospital admissions only. A far larger symptomatic pool was never cultured: 250 people reported transient diarrhoea within 72h of the exposure and none were tested","Daily epidemic curve available (Fig 1, one block per person)","Blood denominator is INFERRED (12 positive + 2 stool-only + 1 Widal-only + 11 probable with negative blood = 26), not stated verbatim. Frame is admitted patients, not community suspected cases","high","primary paper reviewed (Zotero 3IMX82CP)","eligible on counts (12/26) but the denominator is severity-selected","candidate with explicit severity-selection mechanism","sensitivity only (hospital-admitted denominator)","Pradier 2000","Blood-only 12/26 = 46.2%; the pooled 15/26 (blood+stool+Widal) must NOT be used as a blood numerator. The 250 uncultured symptomatic callers are the community pool, so the true community PPV would be far lower - this is an upper bound. 3 of 26 were admitted outside the Nice catchment, so testing practice was not uniform. Banquet cohort of 350.",FALSE,"audited_blood_tested; audited_blood_positive"
"Purighalla 2017","Bengaluru (HSR Layout), Karnataka, India","2015-2016",FALSE,TRUE,TRUE,"Koh 2025 exclusion: no time-series data; Appiah 2020 review",FALSE,"exclude from PPV modeling","not applicable",,,"not reported/retrieved","not assessable: no valid blood-culture pair",0.6536066,"0.564-0.732",,,,"Denominator: No denominator of any kind: this is a lab isolate series, not a case series | Verification bias: unassessable | Simple-model assessment: not eligible: confirmed-case series with no denominator | Verification-model assessment: not eligible | Recommended use: exclude | Notes: Molecular typing (ERIC-PCR) paper, not an epidemiological investigation: no case definition, no line list, no case-finding. Table has internal date errors contradicting the stated Dec 2015-Mar 2016 window (entries dated 2015 and Oct 2016).","#468","24","","24","","","FALSE","FALSE","None - isolates were collected consecutively from the laboratory","","24","","","patients","BLOOD culture only (20 mL, BD Phoenix)","None. Cases are defined by isolate recovery: 24 S. Typhi isolates collected consecutively from blood cultures","Not reported. Clinician-ordered culture at a private tertiary hospital; the paper never states who was cultured or how many","No figure, but per-isolate dates of isolation are tabulated, so a confirmed-case series is reconstructable","No denominator of any kind: this is a lab isolate series, not a case series","unassessable","primary paper reviewed (Zotero TKZHANV6)","not eligible: confirmed-case series with no denominator","not eligible","exclude","Purighalla 2017","Molecular typing (ERIC-PCR) paper, not an epidemiological investigation: no case definition, no line list, no case-finding. Table has internal date errors contradicting the stated Dec 2015-Mar 2016 window (entries dated 2015 and Oct 2016).",FALSE,"audited_blood_tested; audited_blood_positive"
"Rahman 2006","Dhaka, Bangladesh","1989-2002",FALSE,TRUE,FALSE,"Koh 2025 exclusion: no time-series data",FALSE,"exclude from PPV modeling","not applicable",,,"not reported/retrieved","not assessable: no valid blood-culture pair",0.6536066,"0.564-0.732",,,,"Denominator: No total patients cultured; long-term sporadic surveillance rather than a discrete outbreak. | Verification bias: unassessable | Simple-model assessment: not eligible | Verification-model assessment: not eligible | Recommended use: exclude | Notes: Resistance-trend study; isolate total is not a blood-culture-tested denominator.","#475","","","","","","FALSE","FALSE","","","3928","","","patients","3,928 blood-culture S. Typhi isolates","","","","No total patients cultured; long-term sporadic surveillance rather than a discrete outbreak.","unassessable","Zotero full text screened; see zotero_pdf","not eligible","not eligible","exclude","Rahman 2006","Resistance-trend study; isolate total is not a blood-culture-tested denominator.",FALSE,"audited_blood_tested; audited_blood_positive"
"Rasheed 2020","Lahore, Pakistan","2019-2020",FALSE,TRUE,FALSE,"Koh 2025 exclusion: no time-series data",FALSE,"exclude from PPV modeling","not applicable",,,"not reported/retrieved","not assessable: no valid blood-culture pair",0.6536066,"0.564-0.732",,,,"Denominator: Confirmed-isolate genomic series; no suspected denominator. | Verification bias: unassessable | Simple-model assessment: not eligible | Verification-model assessment: not eligible | Recommended use: exclude | Notes: Not an outbreak PPV observation.","#484","","","","","","FALSE","FALSE","","","27","","","patients","27 XDR S. Typhi isolates","","","","Confirmed-isolate genomic series; no suspected denominator.","unassessable","Zotero full text screened; see zotero_pdf","not eligible","not eligible","exclude","Rasheed 2020","Not an outbreak PPV observation.",FALSE,"audited_blood_tested; audited_blood_positive"
"Reller 2003","Ohio, Kentucky and Indiana, USA","2000",FALSE,TRUE,TRUE,"Koh 2025 exclusion: no time-series data; Appiah 2020 review",FALSE,"exclude from PPV modeling","not applicable",,,"not reported/retrieved","not assessable: no valid blood-culture pair",0.6536066,"0.564-0.732",,,,"Denominator: No number of independently suspected persons cultured and no blood-specific denominator. | Verification bias: critical | Simple-model assessment: exclude: n<20 | Verification-model assessment: exclude: n<20 | Recommended use: exclude | Notes: Small confirmation-driven multistate outbreak; specimen-specific PPV cannot be recovered.","#487","9","","","","","FALSE","FALSE","Seven culture-confirmed and two probable outbreak-linked patients","","","","","patients","blood or stool culture pooled for confirmed cases","not assessed","not assessed","not assessed","No number of independently suspected persons cultured and no blood-specific denominator.","critical","primary Zotero full text screened (Reller et al. - 2003 - Sexual transmission of typhoid fever a multistate.pdf)","exclude: n<20","exclude: n<20","exclude","Reller 2003","Small confirmation-driven multistate outbreak; specimen-specific PPV cannot be recovered.",FALSE,"audited_blood_tested; audited_blood_positive"
"Saeed 2020","Lahore, Punjab, Pakistan","2018",FALSE,TRUE,FALSE,"Koh 2025 exclusion: no time-series data",FALSE,"exclude from PPV modeling","not applicable",,,"not reported/retrieved","not assessable: no valid blood-culture pair",0.6536066,"0.564-0.732",,,,"Denominator: All analytic records are positive isolates; number of suspected children cultured is absent. | Verification bias: unassessable | Simple-model assessment: not eligible | Verification-model assessment: not eligible | Recommended use: exclude | Notes: The reported 35/82 is the XDR fraction, not typhoid blood-culture positivity.","#496","","","","","","FALSE","FALSE","","","82","","","patients","82 S. Typhi isolates from febrile children","","","","All analytic records are positive isolates; number of suspected children cultured is absent.","unassessable","Zotero full text screened; see zotero_pdf","not eligible","not eligible","exclude","Saeed 2020","The reported 35/82 is the XDR fraction, not typhoid blood-culture positivity.",FALSE,"audited_blood_tested; audited_blood_positive"
"Singla 2013","Chandigarh, India","2009-2010",FALSE,TRUE,TRUE,"Koh 2025 exclusion: no time-series data; Appiah 2020 review",FALSE,"exclude from PPV modeling","not applicable",,,"not reported/retrieved","not assessable: no valid blood-culture pair",0.6536066,"0.564-0.732",,,,"Denominator: No total blood cultures or suspected patients; retrospective isolate cluster. | Verification bias: unassessable | Simple-model assessment: not eligible | Verification-model assessment: not eligible | Recommended use: exclude | Notes: Do not use 18/27 as PPV: 27 is the number of positive S. Typhi isolates in the laboratory window, not the number tested.","#528","","","","","","FALSE","FALSE","","","18","","","patients","18 outbreak-area blood-culture isolates (27 S. Typhi isolates laboratory-wide)","","","","No total blood cultures or suspected patients; retrospective isolate cluster.","unassessable","Zotero full text screened; see zotero_pdf","not eligible","not eligible","exclude","Singla 2013","Do not use 18/27 as PPV: 27 is the number of positive S. Typhi isolates in the laboratory window, not the number tested.",FALSE,"audited_blood_tested; audited_blood_positive"
"Swaddiwudhipong 2001","Rural village, Poppra District, Tak Province, Thailand (Thai-Myanmar border)","1999",FALSE,TRUE,TRUE,"Koh 2025 exclusion: no time-series data; Appiah 2020 review",TRUE,"main model: negligible/low verification adjustment","negligible/low",0.5,,"not reported/retrieved","no posterior-predictive conflict at maximum pi",0.6536066,"0.564-0.732",0.894531708404105,0.950211640447724,,"Denominator: COMPATIBLE: an explicit syndromic denominator defined independently of culture, with a blood-only numerator and denominator | Verification bias: low | Simple-model assessment: eligible; small n implies uncertainty, not exclusion | Verification-model assessment: candidate with negligible verification adjustment | Recommended use: main candidate: low-bias near-complete verification; small n handled by likelihood | Notes: THE CLEANEST NEW CANDIDATE. Blood-only PPV 5/10 = 50.0%, stated verbatim by the authors, with a 90.9% tested fraction and an active-surveillance denominator - the only one of eleven that approaches the target estimand. Fails only on size. Village population 749; 1 death (CFR 9.1%). Note positivity 0.50 approaches Se_BC (~0.62), implying pi near 0.8, consistent with an exposure-linked point-source frame rather than community surveillance.","#550","11","10","5","0.5","","FALSE","FALSE","11 suspected cases identified by active village surveillance, defined independently of culture result","10","5","0.5","0.909","patients","BLOOD (hemoculture) only for cases; stool used solely to screen contacts","Fever for >=3 days plus >=3 of abdominal pain, diarrhoea/constipation, nausea/vomiting, malaise/headache, rose spots, splenomegaly, with no other pathogen identified such as malaria","Near-complete testing of the syndromic frame: hemoculture performed in 10 of 11 suspected cases. Active village surveillance, not severity- or admission-gated. The basis for the single untested case is not reported","No epidemic curve; onset range only (31 Oct - 11 Nov 1999)","COMPATIBLE: an explicit syndromic denominator defined independently of culture, with a blood-only numerator and denominator","low","primary paper reviewed (Zotero KB9PGSJH)","eligible; small n implies uncertainty, not exclusion","candidate with negligible verification adjustment","main candidate: low-bias near-complete verification; small n handled by likelihood","Swaddiwudhipong 2001","THE CLEANEST NEW CANDIDATE. Blood-only PPV 5/10 = 50.0%, stated verbatim by the authors, with a 90.9% tested fraction and an active-surveillance denominator - the only one of eleven that approaches the target estimand. Fails only on size. Village population 749; 1 death (CFR 9.1%). Note positivity 0.50 approaches Se_BC (~0.62), implying pi near 0.8, consistent with an exposure-linked point-source frame rather than community surveillance.",FALSE,"audited_blood_tested; audited_blood_positive"
"Valenciano 2000","Floating restaurant, Paris, France","1998",FALSE,TRUE,TRUE,"Koh 2025 exclusion: no time-series data; Appiah 2020 review",FALSE,"exclude from PPV modeling","not applicable",,,"not reported/retrieved","not assessable: no valid blood-culture pair",0.6536066,"0.564-0.732",,,,"Denominator: Blood numerator is clean (14) but there is NO blood-culture denominator: the count cultured among the 27 is never reported, and the probable definition explicitly includes untested patients | Verification bias: high | Simple-model assessment: not eligible: no blood-culture denominator | Verification-model assessment: not eligible | Recommended use: exclude (denominator absent, not specimen pooling) | Notes: CORRECTS MY EARLIER READING: the 15 'confirmed by stool or blood culture' CAN be split - 'S. typhi was isolated in six stool cultures and in 14 blood cultures (five cases with both cultures positive)'; 14+6-5=15. So blood-positive = 14, not an unsplittable pooled 15. Ineligible anyway because the blood-tested count among the 27 is never given. Cohort: 199 identified, 157 (79%) interviewed, 147 (94%) analysed. Gastroenteritis 133 (90.5%); typhoid 27 (18.4%); ALL typhoid cases had preceding gastroenteritis. Strong age gradient: typhoid attack rate 42% (16-19y), 32% (20-29y), 9% (30-39y), 0% (>=40y) - the authors read this as lower population immunity in the young in a low-endemicity country. 21/27 hospitalised, 2 severe (ICU 23d and 38d). Single phage type DVS / ribotype TP7, fully antibiotic-sensitive. NOTE: Koh excluded this study as 'no time-series data available', yet Figs 1 and 2 ARE epidemic curves. A plausible explanation is that the reviewers downloaded the OUP link and received the Borgdorff TB paper, as both prior library copies did.","#574","27","","14","","18.4","FALSE","FALSE","27 guests meeting the typhoid syndromic definition, out of a 147-guest retrospective cohort","","14","","","patients","blood AND stool, and SEPARABLE: 14 blood-positive, 6 stool-positive, 5 both (union = the 15 'confirmed')","Probable: fever >=38 C for >2 days, no other cause checked by the practitioner, onset >10 days after the supper, AND either a negative stool/blood culture OR no specimen tested. Confirmed: the same fever plus a stool or blood specimen positive for S. typhi","Not reported, and the definition itself concedes incomplete testing: probables include those who 'did not have a specimen tested'. Case-finding was via press release plus telephone interview advising specimen submission - i.e. self-selection. 21 of 27 were hospitalised","Epidemic curve DOES exist (Fig 2, typhoid by 3-day interval, probable vs confirmed; Fig 1, gastroenteritis daily)","Blood numerator is clean (14) but there is NO blood-culture denominator: the count cultured among the 27 is never reported, and the probable definition explicitly includes untested patients","high","primary paper reviewed (Zotero ED36QT97, attached by JK 2026-07-16 and verified). Supersedes JEMF2WZ7 and AW7IPIVI, which BOTH still contain Borgdorff 2001 (M. tuberculosis) via an OUP volume 152/154 same-page collision","not eligible: no blood-culture denominator","not eligible","exclude (denominator absent, not specimen pooling)","Valenciano 2000","CORRECTS MY EARLIER READING: the 15 'confirmed by stool or blood culture' CAN be split - 'S. typhi was isolated in six stool cultures and in 14 blood cultures (five cases with both cultures positive)'; 14+6-5=15. So blood-positive = 14, not an unsplittable pooled 15. Ineligible anyway because the blood-tested count among the 27 is never given. Cohort: 199 identified, 157 (79%) interviewed, 147 (94%) analysed. Gastroenteritis 133 (90.5%); typhoid 27 (18.4%); ALL typhoid cases had preceding gastroenteritis. Strong age gradient: typhoid attack rate 42% (16-19y), 32% (20-29y), 9% (30-39y), 0% (>=40y) - the authors read this as lower population immunity in the young in a low-endemicity country. 21/27 hospitalised, 2 severe (ICU 23d and 38d). Single phage type DVS / ribotype TP7, fully antibiotic-sensitive. NOTE: Koh excluded this study as 'no time-series data available', yet Figs 1 and 2 ARE epidemic curves. A plausible explanation is that the reviewers downloaded the OUP link and received the Borgdorff TB paper, as both prior library copies did.",FALSE,"audited_blood_tested; audited_blood_positive"
"Yan 2016","Shache county, Xinjiang, China","2010",FALSE,TRUE,TRUE,"Koh 2025 exclusion: no time-series data; Appiah 2020 review",FALSE,"not yet: source reconstruction or retrieval required","not applicable",,,"not reported/retrieved","not assessable: no valid blood-culture pair",0.6536066,"0.564-0.732",,,,"Denominator: No tested denominator; 55 isolates are blood-or-stool with no breakdown | Verification bias: unassessable | Simple-model assessment: not eligible: no tested denominator and specimens pooled | Verification-model assessment: not eligible | Recommended use: source reconstruction needed | Notes: This is a MOLECULAR paper, not the primary outbreak report. Epi denominators and any epidemic curve are in the Chinese-language reference (Dang J et al., Occup and Health 2011;27:1288-1289), which would need retrieval and translation. The case definition itself admits Widal-positive patients as 'clinically diagnosed'. Vi vaccine was used as a control measure with no coverage reported.","#607","253","","","","","FALSE","FALSE","253 reported cases (55 laboratory-confirmed, 198 clinically diagnosed); culture frame not stated","","","","","patients","blood OR stool, pooled and unseparable","Persistent fever >=38 C for >3 days with headache, hypoeosinophilia OR a positive Widal test, without other diagnosed cause","Effectively not reported: 'blood and stool samples were collected for the suspected cases' with no counts and no selection rule","No epidemic curve in this paper; narrative timing only","No tested denominator; 55 isolates are blood-or-stool with no breakdown","unassessable","primary paper reviewed (Zotero GQ2VZCBZ)","not eligible: no tested denominator and specimens pooled","not eligible","source reconstruction needed","Yan 2016","This is a MOLECULAR paper, not the primary outbreak report. Epi denominators and any epidemic curve are in the Chinese-language reference (Dang J et al., Occup and Health 2011;27:1288-1289), which would need retrieval and translation. The case definition itself admits Widal-positive patients as 'clinically diagnosed'. Vi vaccine was used as a control measure with no coverage reported.",FALSE,"audited_blood_tested; audited_blood_positive"
"Yang 2001","Xing-An County Middle School, Guangxi, China","1999",FALSE,TRUE,TRUE,"Koh 2025 exclusion: no time-series data; Appiah 2020 review",FALSE,"exclude from PPV modeling","not applicable",,,"not reported/retrieved","not assessable: no valid blood-culture pair",0.6536066,"0.564-0.732",,,,"Denominator: Blood-specific numerator (2) exists but has no denominator - the count offered culture is never given | Verification bias: high | Simple-model assessment: not eligible: no blood-culture denominator | Verification-model assessment: not eligible | Recommended use: exclude | Notes: One of Appiah's eight blood-culture-alone papers, but unusable: only 2/24 cases are culture-confirmed and 22/24 rest on Widal. 'Blood cultures were done whenever possible' is the second explicit statement that the culture gate is CAPACITY, not severity. School Vi campaign: 1701/2111 (81%) vaccinated; VE 71% (95% CI 34-87).","#609","24","","2","","","FALSE","FALSE","24 met a composite case definition; the number offered blood culture is never stated","","2","","","patients","BLOOD culture only (clean scope) plus Widal serology","S. Typhi by blood culture OR (temp >=38.5 C with fever >=24h) AND >=1 of fatigue/headache/malaise/anorexia/abdominal pain/constipation AND a positive Widal titre","Explicit capacity gate: 'patients routinely had blood specimens taken at the time of admission for diagnosis of typhoid fever by use of the Widal test, and BLOOD CULTURES WERE DONE WHENEVER POSSIBLE'. Widal was routine; culture was opportunistic","Weekly epidemic curve available (Fig 1, 8 weeks)","Blood-specific numerator (2) exists but has no denominator - the count offered culture is never given","high","primary paper reviewed (Zotero KX4KNIIV)","not eligible: no blood-culture denominator","not eligible","exclude","Yang 2001","One of Appiah's eight blood-culture-alone papers, but unusable: only 2/24 cases are culture-confirmed and 22/24 rest on Widal. 'Blood cultures were done whenever possible' is the second explicit statement that the culture gate is CAPACITY, not severity. School Vi campaign: 1701/2111 (81%) vaccinated; VE 71% (95% CI 34-87).",FALSE,"audited_blood_tested; audited_blood_positive"
"Yoon 2004","Queens, New York, USA","2000",FALSE,TRUE,TRUE,"Koh 2025 exclusion: no time-series data; Appiah 2020 review",FALSE,"exclude from PPV modeling","not applicable",1,,"not reported/retrieved","mild posterior-predictive tension at 5 mL reference (0.05<=p<0.10)",0.6536066,"0.564-0.732",0.0563849128225118,0.104631827869721,,"Denominator: Confirmation-defined case series; no independent suspected-case denominator. | Verification bias: critical | Simple-model assessment: exclude: n<20 | Verification-model assessment: exclude: n<20 | Recommended use: exclude | Notes: Seven linked cases, all blood-culture positive by construction; 7/7 is not an estimable PPV observation.","#617","7","","","","","FALSE","FALSE","Seven patients identified by positive blood cultures","7","7","1","1","patients","blood culture","Reported cases were diagnosed by positive blood culture","not assessed","not assessed","Confirmation-defined case series; no independent suspected-case denominator.","critical","primary Zotero full text screened (Yoon et al. - 2004 - An outbreak of domestically acquired typhoid fever.pdf)","exclude: n<20","exclude: n<20","exclude","Yoon 2004","Seven linked cases, all blood-culture positive by construction; 7/7 is not an estimable PPV observation.",FALSE,"audited_blood_tested; audited_blood_positive"
"Fatima 2020","Karachi, Pakistan","2017-2018",FALSE,TRUE,FALSE,"Koh 2025 exclusion: no time-series data",FALSE,"exclude from PPV modeling","not applicable",,,"not reported/retrieved","not assessable: no valid blood-culture pair",0.6536066,"0.564-0.732",,,,"Denominator: No suspected/testing denominator and the PDF is an abstract compilation. | Verification bias: unassessable | Simple-model assessment: not eligible | Verification-model assessment: not eligible | Recommended use: exclude | Notes: Resistance proportions only; no clinical diagnostic-yield observation.","#729","","","","","","FALSE","FALSE","","","","","","patients","hospital S. Typhi isolates summarized in a conference abstract","","","","No suspected/testing denominator and the PDF is an abstract compilation.","unassessable","Zotero full text screened; see zotero_pdf","not eligible","not eligible","exclude","Fatima 2020","Resistance proportions only; no clinical diagnostic-yield observation.",FALSE,"audited_blood_tested; audited_blood_positive"
"Polani Chandrasekar 2020","Tiruchirappalli, Tamil Nadu, India","2018",FALSE,TRUE,FALSE,"Koh 2025 exclusion: no time-series data",FALSE,"exclude from PPV modeling","not applicable",,,"not reported/retrieved","not assessable: no valid blood-culture pair",0.6536066,"0.564-0.732",,,,"Denominator: pi = 1 by construction | Verification bias: unassessable | Simple-model assessment: not eligible: culture-defined cases | Verification-model assessment: not eligible | Recommended use: exclude | Notes: Conference abstract, not a full paper. Excluded on the abstract alone.","#730","","","","","","FALSE","FALSE","None - cases defined as culture-positive","","","","","patients","blood culture","'We defined case as occurrence of culture positive Salmonella Typhi with ceftriaxone-resistance in a resident of Tiruchirappalli city' - culture-defined","Culture-defined cases; risk-factor investigation","not assessed","pi = 1 by construction","unassessable","conference abstract only (IJID supplement, doi 10.1016/j.ijid.2020.09.186); no full paper","not eligible: culture-defined cases","not eligible","exclude","Polani Chandrasekar 2020","Conference abstract, not a full paper. Excluded on the abstract alone.",FALSE,"audited_blood_tested; audited_blood_positive"
"Tshokey 2017","Bhutan","2014",FALSE,TRUE,FALSE,"Koh 2025 exclusion: no time-series data",FALSE,"exclude from PPV modeling","not applicable",,,"not reported/retrieved","not assessable: no valid blood-culture pair",0.6536066,"0.564-0.732",,,,"Denominator: Scrub typhus is caused by Orientia tsutsugamushi, not Salmonella Typhi. | Verification bias: not applicable | Simple-model assessment: not eligible | Verification-model assessment: not eligible | Recommended use: exclude: wrong disease | Notes: Title-level false positive for the typhoid fever review.","#885","","","","","","FALSE","FALSE","","","","","","patients","","","","","Scrub typhus is caused by Orientia tsutsugamushi, not Salmonella Typhi.","not applicable","Zotero full text screened; see zotero_pdf","not eligible","not eligible","exclude: wrong disease","Tshokey 2017","Title-level false positive for the typhoid fever review.",FALSE,"audited_blood_tested; audited_blood_positive"
"Mwansa 2014","Zambia","2010-2012",FALSE,TRUE,FALSE,"Koh 2025 exclusion: no time-series data",FALSE,"exclude from PPV modeling","not applicable",,,"not reported/retrieved","not assessable: no valid blood-culture pair",0.6536066,"0.564-0.732",,,,"Denominator: The number of patients cultured is absent; 94/2040 is not blood-culture positivity. | Verification bias: unassessable | Simple-model assessment: not eligible | Verification-model assessment: not eligible | Recommended use: exclude | Notes: Conference abstract supplies outbreak size and isolate count but no compatible tested denominator.","#989","2040","","","","","FALSE","FALSE","2,040 reported outbreak patients; only a subset of positive isolates was characterized","","94","","","patients","94 S. Typhi isolates; 33 underwent whole-genome sequencing","","","","The number of patients cultured is absent; 94/2040 is not blood-culture positivity.","unassessable","Zotero full text screened; see zotero_pdf","not eligible","not eligible","exclude","Mwansa 2014","Conference abstract supplies outbreak size and isolate count but no compatible tested denominator.",FALSE,"audited_blood_tested; audited_blood_positive"
"Jackson 2013","United States","1998-2008",FALSE,TRUE,FALSE,"Koh 2025 exclusion: no time-series data",FALSE,"exclude from PPV modeling","not applicable",,,"not reported/retrieved","not assessable: no valid blood-culture pair",0.6536066,"0.564-0.732",,,,"Denominator: Aggregate analysis of foodborne Salmonella outbreaks across serotypes and commodities; no unique S. Typhi diagnostic frame. | Verification bias: unassessable | Simple-model assessment: not eligible | Verification-model assessment: not eligible | Recommended use: exclude | Notes: Not an outbreak-level typhoid PPV source.","#1024","","","","","","FALSE","FALSE","","","","","","patients","","","","","Aggregate analysis of foodborne Salmonella outbreaks across serotypes and commodities; no unique S. Typhi diagnostic frame.","unassessable","Zotero full text screened; see zotero_pdf","not eligible","not eligible","exclude","Jackson 2013","Not an outbreak-level typhoid PPV source.",FALSE,"audited_blood_tested; audited_blood_positive"
"Phoba 2012","Kisantu, Democratic Republic of the Congo","2010-2011",FALSE,TRUE,FALSE,"Koh 2025 exclusion: no time-series data",FALSE,"exclude from PPV modeling","not applicable",,,"not reported/retrieved","not assessable: no valid blood-culture pair",0.6536066,"0.564-0.732",,,,"Denominator: Denominators refer to all blood cultures/pathogens among febrile patients, not suspected typhoid; outbreak-specific tested count is absent. | Verification bias: unassessable | Simple-model assessment: not eligible | Verification-model assessment: not eligible | Recommended use: exclude | Notes: Useful resistance and pathogen-surveillance context, but 17 cannot be paired with the reported all-pathogen denominators as typhoid PPV.","#1057","","","","","","FALSE","FALSE","","","17","","","patients","17 S. Typhi isolates within broad microbiological blood-culture surveillance","","","","Denominators refer to all blood cultures/pathogens among febrile patients, not suspected typhoid; outbreak-specific tested count is absent.","unassessable","Zotero full text screened; see zotero_pdf","not eligible","not eligible","exclude","Phoba 2012","Useful resistance and pathogen-surveillance context, but 17 cannot be paired with the reported all-pathogen denominators as typhoid PPV.",FALSE,"audited_blood_tested; audited_blood_positive"
"Suleiman 2012","Zaria, Nigeria","2006-2010",FALSE,TRUE,FALSE,"Koh 2025 exclusion: no time-series data",FALSE,"exclude from PPV modeling","not applicable",,,"not reported/retrieved","not assessable: no valid blood-culture pair",0.6536066,"0.564-0.732",,,,"Denominator: Commercial poultry surveillance; no human typhoid cases. | Verification bias: not applicable | Simple-model assessment: not eligible | Verification-model assessment: not eligible | Recommended use: exclude: non-human study | Notes: Title/keyword false positive for a human typhoid outbreak review.","#1070","","","","","","FALSE","FALSE","","","","","","patients","","","","","Commercial poultry surveillance; no human typhoid cases.","not applicable","Zotero full text screened; see zotero_pdf","not eligible","not eligible","exclude: non-human study","Suleiman 2012","Title/keyword false positive for a human typhoid outbreak review.",FALSE,"audited_blood_tested; audited_blood_positive"
"Mamo 2018","Tigray, Ethiopia","2016",FALSE,FALSE,TRUE,"Appiah 2020 review",FALSE,"exclude from PPV modeling","not applicable",,,"not reported/retrieved","not assessable: no valid blood-culture pair",0.6536066,"0.564-0.732",,,,"Simple-model assessment: not eligible; see audit notes | Recommended use: exclude","Appiah ref 86","98","","","","","FALSE","FALSE","","","","","","patients","","","","","","","review reconciliation record; READ (earlier pass) - no blood culture; Widal only","not eligible; see audit notes","","exclude","Mamo 2018","",FALSE,"audited_blood_tested; audited_blood_positive"
"Al-Qarawi 1995","Tabuk City, Saudi Arabia","1992",FALSE,FALSE,TRUE,"Appiah 2020 review",FALSE,"exclude from PPV modeling","not applicable",,,"not reported/retrieved","not assessable: no valid blood-culture pair",0.6536066,"0.564-0.732",,,,"Denominator: not assessed | Verification bias: unassessable | Simple-model assessment: not assessed | Verification-model assessment: not assessed | Recommended use: exclude: pattern (a), confirmed-only | Notes: 185 cases; typhoid from water desalinated using reverse osmosis. Appiah ref 60.","Appiah ref 60","185","","","","0.1","FALSE","FALSE","not assessed","","","","","patients","not assessed","not assessed","not assessed","not assessed","not assessed","unassessable","indexed abstract screened; ABSTRACT RESOLVES IT - '81 bacteriologically confirmed cases were identified'; confirmed-only, no syndromic frame, no tested count. PMID 7867742. (Abstract says 81 confirmed; Appiah Table 1 says 185 cases - unreconciled.) Full text IS open access via Europe PMC if ever needed","not assessed","not assessed","exclude: pattern (a), confirmed-only","Al-Qarawi 1995","185 cases; typhoid from water desalinated using reverse osmosis. Appiah ref 60.",FALSE,"audited_blood_tested; audited_blood_positive"
"Al-Zubaidy 1995","Al-Mudhnab, Saudi Arabia","1992",FALSE,FALSE,TRUE,"Appiah 2020 review",FALSE,"exclude from PPV modeling","not applicable",,,"not reported/retrieved","not assessable: no valid blood-culture pair",0.6536066,"0.564-0.732",,,,"Denominator: not assessed | Verification bias: unassessable | Simple-model assessment: not assessed | Verification-model assessment: not assessed | Recommended use: exclude: no denominator, n<20 | Notes: 27 cases at a potluck dinner among children. Appiah ref 87.","Appiah ref 87","27","","","","","FALSE","FALSE","not assessed","","","","","patients","not assessed","not assessed","not assessed","not assessed","not assessed","unassessable","indexed abstract screened; ABSTRACT RESOLVES IT - 19 cases, foodborne case-control on a potluck dinner; no culture denominator and no confirmation method stated. PMID 7498007. Paywalled (East Afr Med J)","not assessed","not assessed","exclude: no denominator, n<20","Al-Zubaidy 1995","27 cases at a potluck dinner among children. Appiah ref 87.",FALSE,"audited_blood_tested; audited_blood_positive"
"Mermin 1999","Dushanbe, Tajikistan","1996-1997",FALSE,FALSE,TRUE,"Appiah 2020 review",FALSE,"exclude from PPV modeling","not applicable",,,"not reported/retrieved","not assessable: no valid blood-culture pair",0.6536066,"0.564-0.732",,,,"Denominator: No tested denominator. The 3294 (31%) confirmations are a fraction of REPORTED CASES, not positivity among tested patients | Verification bias: unassessable | Simple-model assessment: not eligible: no tested denominator and specimens pooled across blood and stool | Verification-model assessment: not eligible | Recommended use: exclude | Notes: Largest outbreak in Appiah 2020 (10,677 cases). Bacteriologic confirmation required S. Typhi from 'a blood or stool sample' and the two specimen types are never separated. Median 6 days onset-to-hospitalisation implies substantial pre-culture antibiotic exposure. Government edict mandated 25-day hospitalisation, so admission does not select on severity here.","Appiah ref 47","10677","","","","1","FALSE","FALSE","10677 reported cases; the frame actually offered culture is never defined","","","","","patients","blood OR stool, pooled and unseparable","Nonstandardized; the paper states the clinical case definition relies on physician judgment","Not reported. Culture was done at two Dushanbe hospitals while surveillance covered 12 clinics city-wide, so the cultured subset is a non-random hospital slice of unknown size","Weekly epidemic curve available (Fig 2, Oct 1996-Jun 1997)","No tested denominator. The 3294 (31%) confirmations are a fraction of REPORTED CASES, not positivity among tested patients","unassessable","primary paper reviewed (Zotero 32CW4H6M)","not eligible: no tested denominator and specimens pooled across blood and stool","not eligible","exclude","Mermin 1999","Largest outbreak in Appiah 2020 (10,677 cases). Bacteriologic confirmation required S. Typhi from 'a blood or stool sample' and the two specimen types are never separated. Median 6 days onset-to-hospitalisation implies substantial pre-culture antibiotic exposure. Government edict mandated 25-day hospitalisation, so admission does not select on severity here.",FALSE,"audited_blood_tested; audited_blood_positive"
"Birkhead 1993","Resort hotel, New York, USA","1989",FALSE,FALSE,TRUE,"Appiah 2020 review",FALSE,"exclude from PPV modeling","not applicable",,,"not reported/retrieved","not assessable: no valid blood-culture pair",0.6536066,"0.564-0.732",,,,"Denominator: not assessed | Verification bias: unassessable | Simple-model assessment: not assessed | Verification-model assessment: not assessed | Recommended use: low priority: high-income foodborne point source | Notes: 68 cases, resort hotel outbreak. Appiah ref 80.","Appiah ref 80","68","","","","7.5","FALSE","FALSE","not assessed","","","","","patients","not assessed","not assessed","not assessed","not assessed","not assessed","unassessable","full text not available in Zotero; evidence limited to indexed abstract; BLOCKED - PMID 8486960. J Infect Dis (OUP), subscription DOI only. Abstract shows '43 culture-confirmed and 24 probable cases among guests' - a PROBABLE category exists, so a syndromic frame of ~67 may exist. NEEDS ILL","not assessed","not assessed","low priority: high-income foodborne point source","Birkhead 1993","68 cases, resort hotel outbreak. Appiah ref 80.",FALSE,"audited_blood_tested; audited_blood_positive"
"Arora 1992","Calcutta, India","1989-1990",FALSE,FALSE,TRUE,"Appiah 2020 review",FALSE,"not yet: source reconstruction or retrieval required","not applicable",,,"not reported/retrieved","not assessable: no valid blood-culture pair",0.6536066,"0.564-0.732",,,,"Denominator: not assessed | Verification bias: unassessable | Simple-model assessment: not assessed | Verification-model assessment: not assessed | Recommended use: full text retrieval required | Notes: One of Appiah's EIGHT blood-culture-alone papers (ref 44) and the largest of them (117 cases). Highest-value unretrieved row for specimen specificity.","Appiah ref 44","117","","","","","FALSE","FALSE","not assessed","","","","","patients","blood culture alone per Appiah","not assessed","not assessed","not assessed","not assessed","unassessable","full text not available in Zotero; evidence limited to indexed abstract; BLOCKED - PMID 1601498. Not open access (Europe PMC: no OA, no PMC id). Indian Pediatrics archive returns HTTP 403; 1992 issues appear not to be digitised. NEEDS INSTITUTIONAL ACCESS / ILL. Abstract shows PAIRED blood + bone marrow (BC 83.7%, BM 100%, Widal 13.5% of 103 admitted)","not assessed","not assessed","full text retrieval required","Arora 1992","One of Appiah's EIGHT blood-culture-alone papers (ref 44) and the largest of them (117 cases). Highest-value unretrieved row for specimen specificity.",FALSE,"audited_blood_tested; audited_blood_positive"
"Ramanan 1992","Bangalore, India","1990",FALSE,FALSE,TRUE,"Appiah 2020 review",FALSE,"exclude from PPV modeling","not applicable",,,"not reported/retrieved","not assessable: no valid blood-culture pair",0.6536066,"0.564-0.732",,,,"Denominator: not assessed | Verification bias: unassessable | Simple-model assessment: not assessed | Verification-model assessment: not assessed | Recommended use: exclude: n<20 | Notes: 15 cases; fails the n>=20 rule on the case count alone. Appiah ref 93.","Appiah ref 93","15","","","","","FALSE","FALSE","not assessed","","","","","patients","not assessed","not assessed","not assessed","not assessed","not assessed","unassessable","full text not available in Zotero; evidence limited to indexed abstract; BLOCKED - PMID 1601484. Indian Pediatrics, no OA; ABSTRACT IS EMPTY in PubMed, so nothing can be resolved without the full text. n=15 fails n>=20 regardless","not assessed","not assessed","exclude: n<20","Ramanan 1992","15 cases; fails the n>=20 rule on the case count alone. Appiah ref 93.",FALSE,"audited_blood_tested; audited_blood_positive"
"Kulkarni 1996","Village in Maharashtra, India","1995",FALSE,FALSE,TRUE,"Appiah 2020 review",FALSE,"not yet: source reconstruction or retrieval required","not applicable",,,"not reported/retrieved","not assessable: no valid blood-culture pair",0.6536066,"0.564-0.732",,,,"Denominator: not assessed | Verification bias: unassessable | Simple-model assessment: not assessed | Verification-model assessment: not assessed | Recommended use: full text retrieval required | Notes: Second-highest-priority unretrieved row: 415 cases, 13.7% attack rate. Appiah reports '86 suspected and 22 laboratory-confirmed cases were reported from one village' with chemoprophylaxis and contact vaccination. Pre-2000 so outside Koh's window, but PPV has no time restriction. Appiah ref 64.","Appiah ref 64","415","","22","","13.7","FALSE","FALSE","not assessed","","","","","patients","not assessed","not assessed","not assessed","not assessed","not assessed","unassessable","full text not available in Zotero; evidence limited to indexed abstract; BLOCKED - PMID 8810147. J Commun Dis, no OA. Abstract: 'Laboratory investigations in SELECTED CASES confirmed it to be an outbreak of enteric fever' - explicit selective testing, no counts. NEEDS ILL","not assessed","not assessed","full text retrieval required","Kulkarni 1996","Second-highest-priority unretrieved row: 415 cases, 13.7% attack rate. Appiah reports '86 suspected and 22 laboratory-confirmed cases were reported from one village' with chemoprophylaxis and contact vaccination. Pre-2000 so outside Koh's window, but PPV has no time restriction. Appiah ref 64.",FALSE,"audited_blood_tested; audited_blood_positive"
"Anand 2010","Thar desert village, Rajasthan, India","2007",FALSE,FALSE,TRUE,"Appiah 2020 review",FALSE,"not yet: source reconstruction or retrieval required","not applicable",,,"not reported/retrieved","not assessable: no valid blood-culture pair",0.6536066,"0.564-0.732",,,,"Denominator: not assessed | Verification bias: unassessable | Simple-model assessment: not assessed | Verification-model assessment: not assessed | Recommended use: full text retrieval required | Notes: HIGHEST-PRIORITY UNRETRIEVED ROW: 219 cases with a 10.4% attack rate, within Koh's window but absent from Koh. Appiah ref 94.","Appiah ref 94","219","","","","10.4","FALSE","FALSE","not assessed","","","","","patients","not assessed","not assessed","not assessed","not assessed","not assessed","unassessable","full text not available in Zotero; evidence limited to indexed abstract; BLOCKED - PMID 20571169. Indian J Med Res, no OA per Europe PMC. Abstract shows WIDAL ONLY: 'Forty three serum samples were reported positive for Widal agglutination test out of 70 tested' - no blood culture mentioned. Likely ineligible","not assessed","not assessed","full text retrieval required","Anand 2010","HIGHEST-PRIORITY UNRETRIEVED ROW: 219 cases with a 10.4% attack rate, within Koh's window but absent from Koh. Appiah ref 94.",FALSE,"audited_blood_tested; audited_blood_positive"
"Bhunia 2009","South Dumdum, West Bengal, India","2007",FALSE,FALSE,TRUE,"Appiah 2020 review",FALSE,"exclude from PPV modeling","not applicable",,,"not reported/retrieved","not assessable: no valid blood-culture pair",0.6536066,"0.564-0.732",,,,"Simple-model assessment: not eligible; see audit notes | Recommended use: exclude","Appiah ref 62","103","","","","","FALSE","FALSE","","","","","","patients","","","","","","","review reconciliation record; READ (earlier pass) - only 4 tested; n<20","not eligible; see audit notes","","exclude","Bhunia 2009","",FALSE,"audited_blood_tested; audited_blood_positive"
"Goh 1992","Psychiatric institution, Singapore","1990",FALSE,FALSE,TRUE,"Appiah 2020 review",FALSE,"exclude from PPV modeling","not applicable",,,"not reported/retrieved","not assessable: no valid blood-culture pair",0.6536066,"0.564-0.732",,,,"Denominator: not assessed | Verification bias: unassessable | Simple-model assessment: not assessed | Verification-model assessment: not assessed | Recommended use: exclude: infection-defined, wrong specimen | Notes: 95 cases, institutional direct-contact transmission. Reactive Vi campaign with estimated VE 66% after the second dose. Appiah ref 48.","Appiah ref 48","95","","","","4.8","FALSE","FALSE","not assessed","","","","","patients","not assessed","not assessed","not assessed","not assessed","not assessed","unassessable","indexed abstract screened; ABSTRACT RESOLVES IT - '95 (4.8%) of the 1965 inmates were infected, 47 with symptoms and 48 asymptomatic'; ascertained by RECTAL SWABBING, not blood; cases defined by infection status. PMID 1582465. Full text IS open access via Europe PMC","not assessed","not assessed","exclude: infection-defined, wrong specimen","Goh 1992","95 cases, institutional direct-contact transmission. Reactive Vi campaign with estimated VE 66% after the second dose. Appiah ref 48.",FALSE,"audited_blood_tested; audited_blood_positive"
